"make","mileage","model","vin","price_july_22","price_aug_11","percentage_of_difference"
"Honda",25652,"CR-V EX","7FARW2H59KE012805",29995.0,28495.0,-5.0
"GMC",26938,"Acadia Denali","1GKKNXLS7KZ151341",40998.0,38998.0,-4.9
"BMW",41439,"X3 xDrive30i","5UXTR9C58KLD99208",39515.0,37596.0,-4.9
"Volkswagen",15248,"Tiguan 2.0T SE","3VV2B7AX5JM178770",30995.0,29485.0,-4.9
"Honda",26033,"CR-V EX-L","2HKRW2H8XLH643085",33995.0,32495.0,-4.4
"GMC",63858,"Yukon SLT","1GKS2BKC7LR255013",46998.0,44998.0,-4.3
"Audi",29793,"Q5 2.0T Premium Plus","WA1BNAFY0K2034292",41331.0,39677.0,-4.0
"Mazda",22800,"CX-9 Touring","JM3TCBCY3L0410434",35299.0,33998.0,-3.7
"BMW",38098,"X3 xDrive30i","5UXTR9C5XKLR10575",40980.0,39480.0,-3.7
"Toyota",85461,"RAV4 Limited","2T3DFREV2HW558917",27997.0,26997.0,-3.6
"Audi",31278,"Q5 2.0T Premium Plus","WA1BNAFY3K2021150",41500.0,39999.0,-3.6
"Ford",17294,"Escape SE","1FMCU9GD9KUB55524",27455.0,26455.0,-3.6
"BMW",18997,"330 i xDrive","WBA5R7C56KAJ84205",41380.0,39980.0,-3.4
"Toyota",26514,"RAV4 XLE","2T3P1RFVXKW083728",35585.0,34385.0,-3.4
"Honda",36022,"CR-V EX","5J6RW2H57KL027726",30495.0,29495.0,-3.3
"Volkswagen",17544,"Tiguan 2.0T SE","3VV2B7AX2LM086146",32995.0,31975.0,-3.1
"Ford",28962,"Escape Titanium","1FMCU9J99KUA27451",31990.0,30990.0,-3.1
"Mazda",13887,"CX-5 Grand Touring","JM3KFBDM7L0844743",33875.0,32875.0,-3.0
"Jeep",37070,"Grand Cherokee Limited","1C4RJFBG0JC478758",34997.0,33997.0,-2.9
"Toyota",29216,"RAV4 XLE","2T3P1RFVXKW074141",34988.0,33988.0,-2.9
"Mercedes-Benz",79299,"GLE 350 Base 4MATIC","4JGDA5HB4JB091678",35995.0,34995.0,-2.8
"Jeep",92161,"Grand Cherokee Limited","1C4RJFBG8JC191328",28726.0,27948.0,-2.7
"INFINITI",27816,"QX60 Luxe","5N1DL0MM1KC519187",37990.0,36990.0,-2.6
"Ford",25778,"Edge SEL","2FMPK4J92KBB31408",31355.0,30555.0,-2.6
"Chevrolet",53720,"Equinox LT","2GNFLFEK0H6289938",19995.0,19495.0,-2.5
"Ford",42144,"Focus SE","1FADP3K24GL297480",16399.0,15998.0,-2.4
"Ford",20283,"Escape SE","1FMCU9GD0KUC04609",25613.0,24995.0,-2.4
"Jeep",17099,"Grand Cherokee Limited","1C4RJFBG7KC737053",37855.0,36955.0,-2.4
"Mazda",28220,"CX-9 Touring","JM3TCBCY3K0325317",32799.0,31998.0,-2.4
"Chevrolet",82642,"Equinox 1LT","3GNAXUEV3KL200296",22000.0,21500.0,-2.3
"GMC",18144,"Acadia Denali","1GKKNXLS7KZ290434",42995.0,41995.0,-2.3
"Ford",15611,"Edge SEL","2FMPK4J96LBB56197",34985.0,34186.0,-2.3
"Honda",40838,"CR-V EX-L","5J6RW2H86LL011139",33500.0,32750.0,-2.2
"Honda",30308,"CR-V EX-L","2HKRW2H81LH686424",34000.0,33250.0,-2.2
"Toyota",21235,"Tundra SR5","5TFDY5F17LX919562",47495.0,46485.0,-2.1
"Volkswagen",17513,"Atlas 3.6 V6 SEL Premium","1V2TR2CA5MC535976",51000.0,49985.0,-2.0
"BMW",13081,"X3 M40i","5UXTS3C58K0Z02672",50998.0,49998.0,-2.0
"Lexus",10249,"RX 350 350","2T2BZMCA4KC199438",48599.0,47699.0,-1.9
"RAM",27300,"1500 Laramie","1C6SRFJT8MN730555",51999.0,50999.0,-1.9
"Chevrolet",35546,"Equinox 1LT","3GNAXUEV9LL239783",25990.0,25490.0,-1.9
"Lincoln",24226,"Aviator Reserve AWD","5LM5J7XC0LGL22623",54995.0,53995.0,-1.8
"Volkswagen",30258,"Tiguan 2.0T SE","3VV2B7AXXLM037986",31000.0,30485.0,-1.7
"Audi",49873,"Q5 2.0T Premium Plus","WA1BNAFY6K2029212",38997.0,38325.0,-1.7
"Ford",41343,"Escape SE","1FMCU0GD2KUA79902",23889.0,23500.0,-1.6
"Subaru",29756,"Forester Limited","JF2SKAUC0KH549765",32500.0,31999.0,-1.5
"Jeep",12847,"Grand Cherokee Limited","1C4RJFBGXMC507798",47219.0,46493.0,-1.5
"Lincoln",18817,"Aviator Reserve AWD","5LM5J7XC9LGL33376",67980.0,66980.0,-1.5
"Honda",25148,"CR-V EX-L","2HKRW2H83LH681211",35299.0,34799.0,-1.4
"Genesis",12190,"GV70 3.5T Sport","KMUMCDTCXNU040735",71498.0,70490.0,-1.4
"Audi",16499,"Q5 2.0T Premium Plus","WA1BNAFY9K2087671",43949.0,43348.0,-1.4
"GMC",24238,"Acadia Denali","1GKKNXLS2KZ130784",40480.0,39960.0,-1.3
"Honda",40077,"CR-V EX","5J6RW2H53KL033412",30795.0,30395.0,-1.3
"GMC",64162,"Yukon SLT","1GKS2BKC0LR188996",46599.0,45998.0,-1.3
"BMW",28189,"330 i xDrive","3MW5R7J51K8A26501",39469.0,38950.0,-1.3
"Toyota",22740,"RAV4 XLE","2T3P1RFVXKC028889",34794.0,34325.0,-1.3
"Toyota",31726,"RAV4 XLE","JTMP1RFV1KJ012416",34895.0,34475.0,-1.2
"Ford",35940,"Escape S","1FMCU0F79HUD85113",19499.0,19299.0,-1.0
"Ford",58978,"Escape SE","1FMCU9GD8JUB91526",22899.0,22699.0,-0.9
"Volkswagen",30083,"Tiguan 2.0T SE","3VV2B7AX1KM195891",27997.0,27750.0,-0.9
"Mazda",57568,"CX-5 Grand Touring","JM3KFBDM4J0325470",26721.0,26469.0,-0.9
"Jeep",65899,"Grand Cherokee Limited","1C4RJFBG9FC141979",24999.0,24799.0,-0.8
"Ford",71262,"Explorer Limited","1FM5K8F80FGB75226",24447.0,24250.0,-0.8
"Jeep",31437,"Grand Cherokee Limited","1C4RJFBG9LC111120",38991.0,38691.0,-0.8
"Genesis",13335,"GV70 3.5T Sport","KMUMCDTC3NU012792",66498.0,65994.0,-0.8
"Ford",46517,"F-150 XLT","1FTFW1E5XLKF27037",43995.0,43695.0,-0.7
"RAM",10982,"1500 Laramie","1C6SRFDT6LN169797",43995.0,43750.0,-0.6
"Jeep",19984,"Grand Cherokee Limited","1C4RJFBG0MC639470",45949.0,45687.0,-0.6
"BMW",49676,"330 i xDrive","3MW5R7J54K8A26492",34790.0,34590.0,-0.6
"Buick",54069,"Enclave Essence","5GAEVAKW0KJ126548",34999.0,34799.0,-0.6
"RAM",36179,"1500 Laramie","1C6SRFJT5MN566035",55500.0,55250.0,-0.5
"INFINITI",37874,"QX60 Luxe","5N1DL0MM8KC530557",36999.0,36799.0,-0.5
"Buick",59723,"Enclave Essence","5GAEVAKW3KJ263077",33985.0,33799.0,-0.5
"BMW",11227,"X5 xDrive40i","5UXCR6C55KLL60720",58242.0,57994.0,-0.4
"GMC",58941,"Yukon SLT","1GKS2BKC8LR273259",46999.0,46799.0,-0.4
"BMW",13445,"X5 xDrive40i","5UXCR6C53KLK84026",56699.0,56499.0,-0.4
"GMC",58981,"Yukon SLT","1GKS2BKC0LR212035",46999.0,46799.0,-0.4
"Mazda",29750,"CX-5 Grand Touring","JM3KFBDMXK0678202",31599.0,31499.0,-0.3
"Lexus",37317,"RX 350 Base","2T2BZMCA2KC176207",44998.0,44899.0,-0.2
"RAM",13280,"1500 Laramie","1C6SRFJT4LN367797",47998.0,47899.0,-0.2
"Ford",15585,"F-150 XLT","1FTEW1EP9LKF03664",43990.0,43887.0,-0.2
"Mazda",62935,"CX-5 Grand Touring","JM3KE4DYXG0770399",23217.0,23197.0,-0.1
"Honda",75988,"Civic Sport","2HGFC2F84KH509793",18952.0,18952.0,0.0
"Ford",18736,"F-150 King Ranch","1FTEW1E47LFB79516",59990.0,59990.0,0.0
"Jeep",25915,"Grand Cherokee Limited","1C4RJFBG5LC282883",38995.0,38995.0,0.0
"Kia",284,"Telluride SX","5XYP5DHC0NG280767",64999.0,64999.0,0.0
"RAM",30850,"1500 Big Horn","1C6SRFFT0LN163300",44997.0,44997.0,0.0
"Jeep",20045,"Grand Cherokee Limited","1C4RJFBG6LC209523",44999.0,44999.0,0.0
"Ford",32260,"Focus SE","1FADP3FEXJL266424",17998.0,17998.0,0.0
"Jeep",42227,"Wrangler Unlimited Sahara","1C4BJWEG7HL721778",36991.0,36991.0,0.0
"Toyota",37866,"RAV4 LE","2T3F1RFV8KC004036",29973.0,29973.0,0.0
"Honda",27814,"CR-V EX-L","5J6RW2H84KL032425",32615.0,32615.0,0.0
"Chevrolet",42403,"Equinox 1LT","3GNAXUEV9LS536977",25526.0,25526.0,0.0
"Volvo",98555,"S60 T5","YV1612FS0E1299240",13998.0,13998.0,0.0
"Subaru",90432,"Forester 2.5i Premium","JF2SJAGC6JH477158",22988.0,22988.0,0.0
"Volkswagen",36625,"Tiguan 2.0T SE","3VV2B7AX9KM185478",28985.0,28985.0,0.0
"Subaru",23985,"Impreza 2.0i Premium","4S3GKAD63K3621585",24995.0,24995.0,0.0
"Kia",2518,"Telluride SX","5XYP5DHC2NG276851",63988.0,63988.0,0.0
"Subaru",82137,"Ascent Limited 7-Passenger","4S4WMAMD9K3411864",30495.0,30495.0,0.0
"Ford",16580,"Escape SE","1FMCU9G68LUB91613",29750.0,29750.0,0.0
"Honda",43161,"HR-V LX","3CZRU6H31JG718063",18942.0,18942.0,0.0
"Mazda",17847,"CX-9 Touring","JM3TCBCYXK0336105",35899.0,35899.0,0.0
"Ford",54454,"F-150 Lariat","1FTEW1E5XJKE58620",41999.0,41999.0,0.0
"Honda",5626,"Civic EX","SHHFK7H64LU225077",29998.0,29998.0,0.0
"Toyota",56100,"Camry LE","4T1B11HK7KU719013",25998.0,25998.0,0.0
"Subaru",42824,"Crosstrek 2.0i Premium","JF2GTAEC4KH268912",28989.0,28989.0,0.0
"BMW",35151,"328 i","WBADW7C54CE729168",23995.0,23995.0,0.0
"Honda",23118,"Pilot EX-L","5FNYF6H53LB056721",39977.0,39977.0,0.0
"Honda",33178,"CR-V EX","5J6RW2H52KL033000",30498.0,30498.0,0.0
"Subaru",27313,"Forester Limited","JF2SKAUC6KH558566",33989.0,33989.0,0.0
"Ford",42850,"F-150 Lariat","1FTEW1EP1JFC01954",41091.0,41091.0,0.0
"Toyota",50071,"Highlander XLE","5TDGZRAH0LS502585",36182.0,36182.0,0.0
"Honda",24414,"CR-V EX-L","2HKRW2H85LH664362",33999.0,33999.0,0.0
"Mazda",44513,"Mazda3 i Grand Touring","3MZBM1W76FM179896",19764.0,19764.0,0.0
"GMC",38708,"Acadia Limited Limited","1GKKVSKD6HJ263898",24997.0,24997.0,0.0
"Ford",39072,"Escape SEL","1FMCU9HX6DUD39024",15995.0,15995.0,0.0
"Honda",29022,"Odyssey EX-L","5FNRL6H7XKB126051",38998.0,38998.0,0.0
"Lincoln",10618,"Aviator Reserve AWD","5LM5J7XC2LGL15785",59998.0,59998.0,0.0
"Subaru",21113,"Forester 2.5i Limited","JF2SJARC1JH535433",23590.0,23590.0,0.0
"Toyota",95561,"Sienna Limited","5TDBK22C59S026884",11998.0,11998.0,0.0
"Honda",27733,"Odyssey EX-L","5FNRL6H75KB058418",40669.0,40669.0,0.0
"Mazda",20601,"Mazda3 2.5 Turbo Premium Plus","JM1BPBNY3M1333520",35599.0,35599.0,0.0
"Toyota",10121,"Highlander XLE","5TDGZRBH0MS132254",48477.0,48477.0,0.0
"Honda",37112,"CR-V EX","5J6RW2H5XKL016963",30295.0,30295.0,0.0
"Cadillac",55775,"XT5 Luxury","1GYKNDRS7HZ256756",25500.0,25500.0,0.0
"Honda",31155,"Odyssey EX-L","5FNRL6H7XKB087087",40427.0,40427.0,0.0
"Jeep",24926,"Grand Cherokee Limited","1C4RJFBG1KC703240",36596.0,36596.0,0.0
"Cadillac",68872,"XT5 Luxury","1GYKNBRS9HZ267505",22900.0,22900.0,0.0
"Ford",39738,"F-150 Lariat","1FTEW1EP9JFE11699",43010.0,43010.0,0.0
"Toyota",19695,"Highlander Hybrid LE","5TDBBRCH5MS034754",45990.0,45990.0,0.0
"Honda",30788,"CR-V EX-L","2HKRW2H84KH629813",32491.0,32491.0,0.0
"Honda",22422,"Civic LX","2HGFC2F65KH591693",24433.0,24433.0,0.0
"Cadillac",59790,"XT5 Luxury","1GYKNBRS0HZ232142",24400.0,24400.0,0.0
"Volvo",91400,"S60 T5","YV1612FH5E2272517",14900.0,14900.0,0.0
"Honda",19519,"Civic EX","19XFC1F32LE200575",30998.0,30998.0,0.0
"Jeep",15267,"Wrangler Unlimited Sport Altitude","1C4HJXDNXMW610635",47290.0,47290.0,0.0
"Mazda",41948,"CX-5 Sport","JM3KE4BYAG0758459",16987.0,16987.0,0.0
"Lincoln",39833,"Aviator Reserve AWD","5LM5J7XC7LGL16933",54999.0,54999.0,0.0
"GMC",64337,"Acadia Denali","1GKKNXLS1KZ175652",37496.0,37496.0,0.0
"Ford",14345,"Fusion SE","3FA6P0HD6JR213409",23891.0,23891.0,0.0
"Jeep",19314,"Wrangler Unlimited Sport Altitude","1C4HJXDG7MW578583",47990.0,47990.0,0.0
"INFINITI",56320,"QX60 Luxe","5N1DL0MM7KC515001",39990.0,39990.0,0.0
"Mercedes-Benz",24182,"GLC 300 Base 4MATIC","WDC0G6EBXKF659075",43997.0,43997.0,0.0
"Honda",46089,"Odyssey EX-L","5FNRL6H75KB084789",37995.0,37995.0,0.0
"Hyundai",83708,"Elantra GT Base","KMHD35LH7HU353035",14983.0,14983.0,0.0
"Mercedes-Benz",17596,"GLE 350 Base 4MATIC","4JGFB4KB8LA090938",59995.0,59995.0,0.0
"Honda",27737,"CR-V EX-L","7FARW2H83KE044952",32620.0,32620.0,0.0
"Honda",31662,"Civic Sport","19XFC2F87KE012943",26667.0,26667.0,0.0
"Subaru",17834,"Legacy Premium","4S3BWAF67M3013566",24900.0,24900.0,0.0
"Jeep",16573,"Wrangler Sport","1C4GJXAG6MW630334",39590.0,39590.0,0.0
"Jeep",86925,"Grand Cherokee Altitude","1C4RJFAG8HC853100",27998.0,27998.0,0.0
"Mazda",33302,"CX-9 Grand Touring","JM3TCBDY9L0404216",38599.0,38599.0,0.0
"Ford",35891,"F-150 XLT","1FTEW1EP4LKF17620",43999.0,43999.0,0.0
"Chevrolet",22513,"Equinox 1LT","3GNAXKEV7LL319670",25983.0,25983.0,0.0
"Honda",19251,"CR-V LX","2HKRW6H38KH222881",28593.0,28593.0,0.0
"RAM",24141,"1500 Laramie","1C6SRFJT5MN773900",50775.0,50775.0,0.0
"Jeep",12395,"Grand Cherokee Laredo","1C4RJFAG0MC515880",42977.0,42977.0,0.0
"Volkswagen",45972,"Tiguan Limited 2.0T","WVGBV7AX4HK046537",24993.0,24993.0,0.0
"GMC",35277,"Sierra 1500 Denali","1GTU9FED2LZ295690",55193.0,55193.0,0.0
"RAM",21877,"1500 Laramie","1C6SRFJT8LN326220",52998.0,52998.0,0.0
"Ford",14997,"Escape Titanium","1FMCU9J96KUA54669",32999.0,32999.0,0.0
"Dodge",24408,"Durango R/T","1C4SDJCT8MC549054",51699.0,51999.0,0.6
"BMW",31675,"X3 xDrive30i","5UXTR9C53KLR04195",39980.0,40680.0,1.8
"Ford",19046,"Bronco Sport Big Bend","3FMCR9B63MRA63359",37988.0,38988.0,2.6
"MINI",24101,"Countryman Cooper S ALL4","WMZYT5C59K3G92178",36288.0,38188.0,5.2
"Chevrolet",32246,"Tahoe Premier","1GNSKCKC4LR306072",68995.0,NULL,NULL
"Honda",27550,"CR-V EX-L","2HKRW2H82LH632050",34990.0,NULL,NULL
"Honda",28309,"CR-V Touring","7FARW2H94KE010298",32290.0,NULL,NULL
"Land",40982,"Rover Discovery SE","SALRG2RV6JA075402",41399.0,NULL,NULL
"Honda",32863,"CR-V EX-L","7FARW2H86KE017812",31990.0,NULL,NULL
"Toyota",22551,"RAV4 LE","2T3F1RFV0KW065184",32299.0,NULL,NULL
"RAM",56064,"1500 Express","1C6RR7FT4HS575488",28999.0,NULL,NULL
"Honda",28185,"CR-V LX","2HKRW6H30KH216671",27000.0,NULL,NULL
"Ford",94870,"Explorer Limited","1FM5K8F81HGC70185",28000.0,NULL,NULL
"BMW",96918,"328 i xDrive","WBAPK7C56AA771077",11998.0,NULL,NULL
"Volkswagen",30911,"Tiguan 2.0T SE","3VV2B7AX9LM025473",30995.0,NULL,NULL
"Toyota",28695,"Highlander XLE","5TDJZRFHXKS711653",38998.0,NULL,NULL
"Ford",8301,"Edge Titanium","2FMPK4K91LBA68415",39998.0,NULL,NULL
"Mazda",27261,"CX-9 Touring","JM3TCBCY0K0317417",32199.0,NULL,NULL
"Toyota",21495,"Camry SE","4T1B11HK2KU743767",28995.0,NULL,NULL
"Subaru",18906,"Outback 2.5i Limited","4S4BSAJC5K3291500",32989.0,NULL,NULL
"Ford",22851,"F-150 XLT","1FTEW1EP9KFB80224",45998.0,NULL,NULL
"Ford",21491,"Mustang EcoBoost Premium","1FATP8UH5L5139285",39988.0,NULL,NULL
"Honda",48781,"Civic Sport","SHHFK7H45JU217470",24500.0,NULL,NULL
"RAM",32225,"1500 Laramie","1C6SRFJT0LN371961",51000.0,NULL,NULL
"Ford",40692,"Fusion Hybrid SE","3FA6P0LU4KR242464",26498.0,NULL,NULL
"Honda",19456,"CR-V EX-L","5J6RW2H85KA009358",32863.0,NULL,NULL
"Chevrolet",85029,"Traverse 1LT","1GNKVGKD6GJ229359",20000.0,NULL,NULL
"Subaru",25882,"Outback Limited","4S4BTAMC6M3132559",33999.0,NULL,NULL
"Ford",40159,"Edge SEL","2FMPK4J97JBC32037",27646.0,NULL,NULL
"Hyundai",19950,"Kona SEL Plus","KM8K6CAA9MU619030",28540.0,NULL,NULL
"BMW",96081,"X3 xDrive35i","5UXWX7C52E0E80380",19500.0,NULL,NULL
"Mercedes-Benz",81274,"C-Class C 300","55SWF4KB3FU033095",21995.0,NULL,NULL
"RAM",59610,"1500 Laramie","1C6SRFJT2KN904133",44898.0,NULL,NULL
"Honda",13579,"CR-V EX","7FARW2H54KE007219",30999.0,NULL,NULL
"Jeep",39393,"Grand Cherokee Limited","1C4RJFBG3KC541739",35785.0,NULL,NULL
"Chevrolet",30857,"Equinox 2LT","2GNAXVEX3L6262746",30490.0,NULL,NULL
"Kia",20463,"K5 GT-Line","5XXG64J28NG082814",32900.0,NULL,NULL
"Ford",63261,"Edge SEL","2FMPK4J98LBA45893",27995.0,NULL,NULL
"Acura",34580,"MDX 3.5L w/Technology Package","5J8YD4H54KL023735",40995.0,NULL,NULL
"Subaru",92132,"Outback 2.5i Limited","4S4BSANC2H3303055",24991.0,NULL,NULL
"Toyota",14812,"RAV4 Hybrid XSE","4T3E6RFVXMU039594",51685.0,NULL,NULL
"Toyota",50666,"4Runner Limited","JTEBU5JR4H5482005",39987.0,NULL,NULL
"Chevrolet",44679,"Equinox 1LT","2GNAXUEV3K6192821",27598.0,NULL,NULL
"Mazda",67806,"CX-5 Grand Touring","JM3KE4DY1G0908699",24998.0,NULL,NULL
"Jeep",47519,"Grand Cherokee Limited","1C4RJFBG5KC841427",36977.0,NULL,NULL
"Hyundai",12656,"Elantra SE","KMHD74LF1KU757002",20594.0,NULL,NULL
"RAM",75251,"1500 Tradesman/Express","1C6RR7FT8ES257773",19900.0,NULL,NULL
"Honda",12200,"CR-V Touring","2HKRW2H98KH642640",34499.0,NULL,NULL
"RAM",16984,"1500 Big Horn","1C6RRFFG3KN816590",40250.0,NULL,NULL
"Jeep",0,"Grand Cherokee Limited","1J4RR5GGXBC603322",14995.0,NULL,NULL
"Ford",34033,"F-150 XLT","1FTFW1E50LKD84406",44934.0,NULL,NULL
"Toyota",48075,"Camry LE","4T1B11HK4KU267098",26895.0,NULL,NULL
"Audi",47306,"A4 2.0T Premium Plus","WAUENAF47JA053195",31536.0,NULL,NULL
"Ford",32794,"F-150 XLT","1FTEX1EP2LKE63344",38990.0,NULL,NULL
"Subaru",39378,"Outback Limited","4S4BTANC7M3104512",34500.0,NULL,NULL
"BMW",30163,"X3 xDrive30i","5UXTR9C54KLP93074",39780.0,NULL,NULL
"Jeep",74056,"Grand Cherokee Laredo","1C4RJFAG4HC728272",24495.0,NULL,NULL
"INFINITI",98047,"G37x Base","JN1CV6AR5CM975544",15763.0,NULL,NULL
"Ford",60058,"Edge SEL","2FMPK3J94LBA28731",24197.0,NULL,NULL
"Dodge",76197,"Journey GT","3C4PDDEG9HT593386",20498.0,NULL,NULL
"Chevrolet",89706,"Traverse 1LT","1GNKVGKD4HJ228440",22399.0,NULL,NULL
"Honda",35884,"Ridgeline RTL-E","5FPYK3F7XKB020366",35495.0,NULL,NULL
"Honda",22281,"Accord Touring 2.0T","1HGCV2F91KA022992",35333.0,NULL,NULL
"Hyundai",21805,"Sonata SEL","5NPE34AF1KH779163",22998.0,NULL,NULL
"Acura",35969,"RDX Technology Package","5J8TC2H56LL037848",42875.0,NULL,NULL
"Audi",21977,"Q5 2.0T Premium Plus","WA1BNAFYXK2132553",43226.0,NULL,NULL
"Toyota",90015,"RAV4 LE","2T3BFREV8EW180184",19650.0,NULL,NULL
"GMC",95048,"Sierra 1500 Denali","3GTU2WEJ7FG179304",33657.0,NULL,NULL
"Mazda",73774,"CX-9 Touring","JM3TB3CV7F0464533",20495.0,NULL,NULL
"Ford",22910,"Escape Titanium","1FMCU9J9XKUA19908",32999.0,NULL,NULL
"Toyota",40687,"RAV4 Hybrid LE","2T3MWRFV2KW027190",35995.0,NULL,NULL
"Nissan",47061,"Rogue S","JN8AT2MV3HW013092",16985.0,NULL,NULL
"Ford",49997,"F-150 XL","1FTEW1EP0JKC70903",35502.0,NULL,NULL
"Jeep",30947,"Grand Cherokee Limited","1C4RJFBG1KC639846",34987.0,NULL,NULL
"Jeep",15121,"Grand Cherokee Limited","1C4RJFBG1KC737050",37630.0,NULL,NULL
"Honda",4425,"Accord LX 1.5T","1HGCV1F19NA013742",35000.0,NULL,NULL
"Toyota",52729,"Camry LE","4T1BF1FK4HU617052",20871.0,NULL,NULL
"Honda",24405,"CR-V EX-L","7FARW2H89KE059021",31499.0,NULL,NULL
"Lincoln",46962,"MKC Select","5LMCJ2D92HUL14048",26998.0,NULL,NULL
"Ford",35870,"Fusion Hybrid SE","3FA6P0LU0KR158495",24977.0,NULL,NULL
"Mazda",70125,"CX-9 Grand Touring","JM3TCBDY4H0127613",26499.0,NULL,NULL
"Honda",37406,"HR-V LX","3CZRU6H30GM704990",21998.0,NULL,NULL
"Chevrolet",30488,"Equinox 1LT","2GNAXUEVXK6224227",26770.0,NULL,NULL
"Ford",54522,"Fusion SE","3FA6P0T91LR190594",23947.0,NULL,NULL
"Audi",64070,"A6 3.0T Premium Plus","WAUF2AFC6HN008174",29997.0,NULL,NULL
"Dodge",46759,"Challenger R/T","2C3CDZBT3HH624660",31599.0,NULL,NULL
"Ford",94646,"Explorer Limited","1FM5K8FH5HGA60303",27125.0,NULL,NULL
"Toyota",89999,"Camry LE","4T1B11HK1KU266765",19999.0,NULL,NULL
"Lincoln",40852,"MKC Reserve","5LMTJ3DH4KUL38663",32990.0,NULL,NULL
"Toyota",27830,"4Runner Limited","JTEBU5JR6K5651142",47899.0,NULL,NULL
"Hyundai",5065,"Kona SEL","KM8K6CAB7NU860532",28100.0,NULL,NULL
"Toyota",35290,"RAV4 XLE","2T3RFREV8JW703907",30995.0,NULL,NULL
"Ford",58024,"Edge Titanium","2FMPK4K94HBB88233",28995.0,NULL,NULL
"Mercedes-Benz",98372,"C-Class C 300","55SWF4KB0FU027710",22499.0,NULL,NULL
"Hyundai",24751,"Tucson Ultimate","KM8J3CAL3LU209585",32998.0,NULL,NULL
"Chevrolet",98323,"Equinox LT","2GNFLFEKXG6263734",16490.0,NULL,NULL
"Hyundai",13785,"Sonata SE","5NPE24AF1KH781739",23495.0,NULL,NULL
"Ford",30570,"F-150 XL","1FTEW1EP2KFD53727",37999.0,NULL,NULL
"Toyota",49625,"Camry LE","4T1C11AK1LU343828",27795.0,NULL,NULL
"Mazda",10545,"CX-5 Touring","JM3KFBCM1M0423815",31998.0,NULL,NULL
"RAM",49467,"1500 Laramie","1C6SRFJT0MN751772",49864.0,NULL,NULL
"GMC",38932,"Canyon SLT","1GTP6DE13G1243862",35259.0,NULL,NULL
"Honda",50001,"CR-V EX-L","JHLRW2H83KX013172",29599.0,NULL,NULL
"BMW",29954,"X3 xDrive30i","5UXTR9C56KLD96307",39998.0,NULL,NULL
"RAM",15778,"1500 Laramie","1C6SRFJT8LN327514",47995.0,NULL,NULL
"Chevrolet",46962,"Equinox 1LT","3GNAXUEVXLL143709",26980.0,NULL,NULL
"Ford",24794,"Edge ST","2FMPK4AP9LBA84569",42499.0,NULL,NULL
"GMC",78193,"Acadia Limited Limited","1GKKVSKD5HJ149455",27998.0,NULL,NULL
"GMC",19591,"Terrain Denali","3GKALXEXXKL130999",34299.0,NULL,NULL
"Chevrolet",25969,"Trax LT","3GNCJPSB2KL157799",20998.0,NULL,NULL
"RAM",39946,"1500 Express","3C6JR7ATXHG641067",28993.0,NULL,NULL
"Ford",73153,"Edge Titanium","2FMPK4K92FBB07162",22999.0,NULL,NULL
"Kia",96032,"Sorento EX","5XYPHDA58GG016539",19599.0,NULL,NULL
"Subaru",13818,"Legacy Premium","4S3BWAF66M3011517",28500.0,NULL,NULL
"Chevrolet",79149,"Malibu LT","1G1ZD5ST2JF199284",19699.0,NULL,NULL
"Honda",11253,"Civic LX","2HGFC2F62KH562314",23995.0,NULL,NULL
"GMC",23829,"Terrain Denali","3GKALXEXXLL172669",37683.0,NULL,NULL
"Nissan",46416,"Rogue SV","5N1AT2MV7JC754473",26199.0,NULL,NULL
"Lincoln",27119,"Aviator Reserve AWD","5LM5J7XC6LGL13991",62474.0,NULL,NULL
"Subaru",87219,"Ascent Limited 7-Passenger","4S4WMAMD8K3458934",27995.0,NULL,NULL
"Acura",28900,"TLX FWD","19UUB1F32KA009672",31995.0,NULL,NULL
"BMW",20029,"330 i xDrive","3MW5R7J05L8B31693",41800.0,NULL,NULL
"Toyota",19724,"RAV4 LE","JTMG1RFV6KD032868",32995.0,NULL,NULL
"Honda",41280,"CR-V EX","7FARW2H5XKE012764",29990.0,NULL,NULL
"Honda",32125,"Civic EX","SHHFK7H67JU218251",27000.0,NULL,NULL
"Chevrolet",36629,"Trax LS","3GNCJNSB2JL299668",22000.0,NULL,NULL
"Honda",31659,"Accord EX-L","1HGCT1B80GA007453",23995.0,NULL,NULL
"Hyundai",17929,"Sonata SE","5NPE24AF8KH736071",23616.0,NULL,NULL
"Honda",18005,"CR-V EX-L","7FARW2H87KE017348",32995.0,NULL,NULL
"Kia",506,"Telluride SX","5XYP5DHC0NG285130",59998.0,NULL,NULL
"Chevrolet",42630,"Blazer 2LT","3GNKBGRS9KS574020",35000.0,NULL,NULL
"Chevrolet",62671,"Silverado 1500 Custom","3GCPYBEH2KG186589",33995.0,NULL,NULL
"GMC",23875,"Yukon Denali","1GKS2DKL7MR109949",81950.0,NULL,NULL
"RAM",61369,"1500 Big Horn","1C6RR7LG9GS288184",27000.0,NULL,NULL
"Tesla",26475,"Model X Long Range","5YJXCDE22LF233696",99995.0,NULL,NULL
"INFINITI",29737,"QX60 Luxe","5N1DL0MM2KC529422",28974.0,NULL,NULL
"Toyota",27050,"Camry SE","4T1B11HK0KU193470",28785.0,NULL,NULL
"Buick",57275,"Cascada Premium","W04WT3N52GG108543",20950.0,NULL,NULL
"GMC",23131,"Yukon Denali","1GKS2DKL4MR317190",83970.0,NULL,NULL
"Chevrolet",83353,"Traverse LTZ","1GNKVJKD1GJ250956",23486.0,NULL,NULL
"Ford",67593,"Escape Titanium","1FMCU9J98EUA05459",18497.0,NULL,NULL
"Chevrolet",65641,"Equinox 1LT","3GNAXJEVXJS645962",19990.0,NULL,NULL
"Honda",13284,"Accord Sport 1.5T","1HGCV1F31LA154934",31999.0,NULL,NULL
"Subaru",38399,"Outback Onyx Edition XT","4S4BTGHD1L3185142",34444.0,NULL,NULL
"Lexus",33320,"LX 570 570","JTJHY7AX1K4283887",82999.0,NULL,NULL
"GMC",47365,"Terrain Denali","3GKALXEX9LL283956",35976.0,NULL,NULL
"Chevrolet",54038,"Equinox 1LT","3GNAXKEV9KS517297",22990.0,NULL,NULL
"Lexus",57900,"RX 350 F Sport","2T2BZMCA4HC065909",39499.0,NULL,NULL
"Toyota",14008,"RAV4 XLE","2T3P1RFV4KW079206",32973.0,NULL,NULL
"Chevrolet",43344,"Equinox 1LT","2GNFLFEKXG6228918",20998.0,NULL,NULL
"Kia",120,"Telluride SX","5XYP5DHC6NG278439",59998.0,NULL,NULL
"Ford",36815,"F-150 Lariat","1FTFW1E57JKD07478",43987.0,NULL,NULL
"Ford",62502,"Escape SE","1FMCU9GD9KUB61050",23495.0,NULL,NULL
"Nissan",45595,"Rogue SV","5N1AT2MV3JC786675",24998.0,NULL,NULL
"Ford",36999,"F-150 XLT","1FTEW1EPXLKE00219",43499.0,NULL,NULL
"Chevrolet",40176,"Equinox Premier w/2LZ","3GNAXYEX1LS620848",34796.0,NULL,NULL
"Kia",31780,"Sorento LX","5XYPGDA39GG133791",21988.0,NULL,NULL
"Toyota",42340,"Camry LE","4T1B11HKXKU785880",26985.0,NULL,NULL
"GMC",24563,"Yukon Denali","1GKS2DKLXMR227560",87998.0,NULL,NULL
"Ford",51585,"F-150 XLT","1FTEW1EP3KKE80199",38475.0,NULL,NULL
"Hyundai",2429,"Kona SEL","KM8K6CAB2NU902279",28495.0,NULL,NULL
"BMW",44624,"X5 xDrive35i","5UXKR0C30H0V82910",38480.0,NULL,NULL
"Jeep",44905,"Grand Cherokee Altitude","1C4RJFCG4KC688702",41646.0,NULL,NULL
"Mazda",31986,"CX-30 Select","3MVDMBBL4MM217898",26599.0,NULL,NULL
"Kia",24831,"Sportage LX","KNDPMCACXK7605814",25998.0,NULL,NULL
"Toyota",46254,"RAV4 Limited","JTMDFREV6HJ167123",28995.0,NULL,NULL
"Jeep",84813,"Grand Cherokee Limited","1C4RJFBG3JC138276",30233.0,NULL,NULL
"Subaru",88511,"Outback 2.5i Limited","4S4BSANC7H3299519",24397.0,NULL,NULL
"Subaru",7387,"Outback Onyx Edition XT","4S4BTGKD7L3151974",38998.0,NULL,NULL
"Ford",48472,"Edge SE","2FMPK4G97JBC58628",23999.0,NULL,NULL
"Subaru",40060,"Impreza 2.0i","4S3GKAA68H3601314",16823.0,NULL,NULL
"Ford",73657,"Mustang Base","1FAFP4445XF123008",4997.0,NULL,NULL
"Chevrolet",4637,"Equinox 1LT","3GNAXUEV5ML379203",29500.0,NULL,NULL
"Acura",6867,"RDX A-Spec","5J8TC2H62ML044578",46988.0,NULL,NULL
"RAM",51226,"1500 Laramie","1C6SRFJT2LN289777",43726.0,NULL,NULL
"Honda",39170,"CR-V EX","5J6RW2H51KL021744",29999.0,NULL,NULL
"RAM",41918,"1500 Big Horn","3C6RR7LT5GG383572",30990.0,NULL,NULL
"Chevrolet",16059,"Equinox LT","3GNAXUEV0ML328062",31599.0,NULL,NULL
"Ford",89499,"Focus SE","1FADP3F21JL270416",14642.0,NULL,NULL
"Chevrolet",17346,"Equinox 1LT","2GNAXKEV1K6185841",24499.0,NULL,NULL
"Chevrolet",11272,"Silverado 1500 LTZ","1GCUYGED4KZ419630",50495.0,NULL,NULL
"BMW",23234,"X2 xDrive28i","WBXYJ5C37JEF82529",32490.0,NULL,NULL
"Ford",30060,"Fusion SE","3FA6P0HD9LR148820",24999.0,NULL,NULL
"Chevrolet",65202,"Equinox 1LT","3GNAXUEV5KS516059",22999.0,NULL,NULL
"Chrysler",84467,"300 S","2C3CCAGG3FH892315",15900.0,NULL,NULL
"Lexus",87652,"RX 350 Base","2T2BK1BA2CC147859",19999.0,NULL,NULL
"Toyota",43563,"RAV4 Hybrid LE","2T3MWRFV9KW027462",35995.0,NULL,NULL
"Chevrolet",33507,"Equinox 1LT","2GNAXKEV8K6306574",23998.0,NULL,NULL
"Dodge",48053,"Challenger GT","2C3CDZKG6KH540617",32125.0,NULL,NULL
"Ford",66246,"Focus SE","1FADP3F23GL253903",13995.0,NULL,NULL
"Nissan",79602,"Rogue SV","KNMAT2MV1HP562148",18398.0,NULL,NULL
"Toyota",35200,"Tundra SR5","5TFDY5F12LX880623",48995.0,NULL,NULL
"Audi",67744,"A6 2.0T Premium Plus quattro","WAUGFAFC7DN077877",19690.0,NULL,NULL
"Honda",27358,"CR-V EX-L","7FARW2H84LE021438",35001.0,NULL,NULL
"Buick",57056,"Enclave Leather","5GAKVBKD6HJ261498",28998.0,NULL,NULL
"RAM",89239,"1500 Big Horn","3C6RR7LT4HG544513",27900.0,NULL,NULL
"Lincoln",20605,"Aviator Reserve AWD","5LM5J7XC2LGL06178",69684.0,NULL,NULL
"Land",62087,"Rover Range Rover Evoque SE Premium","SALVP2BG9HH170418",30000.0,NULL,NULL
"Nissan",8339,"Murano S","5N1AZ2AS7LN113968",29998.0,NULL,NULL
"Lexus",49877,"LX 570 Base","JTJHY7AX3H4233999",70999.0,NULL,NULL
"Ford",92942,"Focus Titanium","1FADP3N26EL423170",11990.0,NULL,NULL
"Honda",31171,"CR-V Touring","7FARW2H96KE031587",31495.0,NULL,NULL
"GMC",42799,"Acadia Denali","1GKKNXLS8HZ118891",32991.0,NULL,NULL
"Nissan",89178,"Murano S","JN8AZ1MW3CW221645",11995.0,NULL,NULL
"Toyota",32965,"Corolla LE","5YFEPMAE0MP242222",26485.0,NULL,NULL
"Ford",74126,"Taurus SHO","1FAHP2KT8DG118754",19662.0,NULL,NULL
"Audi",55319,"A4 2.0T Premium Plus","WAUENAF4XJA204322",32011.0,NULL,NULL
"Chevrolet",81752,"Suburban LT","1GNSKHKC0JR281973",41990.0,NULL,NULL
"Mazda",41888,"CX-5 Sport","JM3KE4BY3G0781036",22599.0,NULL,NULL
"Toyota",38597,"RAV4 LE","2T3F1RFVXKW069890",34343.0,NULL,NULL
"Chevrolet",89244,"Equinox LT","2GNALCEK1G1151880",13497.0,NULL,NULL
"GMC",14093,"Sierra 1500 AT4","1GTP9EEDXMZ231132",56977.0,NULL,NULL
"Chevrolet",26036,"Blazer TRUE NORTH PLUS","3GNKBHRS8KS652115",37998.0,NULL,NULL
"Subaru",14902,"Outback Touring XT","4S4BTGPD1L3255305",39989.0,NULL,NULL
"Subaru",18105,"Outback Onyx Edition XT","4S4BTGKD2L3185305",37998.0,NULL,NULL
"Subaru",48604,"Forester Premium","JF2SKAGC5LH422958",29895.0,NULL,NULL
"Hyundai",91139,"Santa Fe Sport 2.0L Turbo","5XYZWDLA1GG316089",20459.0,NULL,NULL
"Buick",82255,"Enclave Essence","5GAEVAKW8JJ247133",28975.0,NULL,NULL
"Hyundai",58105,"Tucson Ultimate","KM8J3CAL6LU224565",28964.0,NULL,NULL
"Chevrolet",49761,"Equinox 1LT","3GNAXJEV2JL410644",23995.0,NULL,NULL
"Kia",53910,"Sportage LX","KNDPMCAC4H7039366",19999.0,NULL,NULL
"Jeep",55228,"Wrangler JK Unlimited Rubicon","1C4HJWFG1JL915737",42998.0,NULL,NULL
"Ford",23877,"F-150 XLT","1FTEW1EP0KFC46496",44999.0,NULL,NULL
"Volkswagen",53288,"Tiguan 2.0T SE","3VV2B7AX4JM066641",25975.0,NULL,NULL
"Lexus",23241,"RX 350 350","2T2BZMCA8KC185820",45509.0,NULL,NULL
"Toyota",41256,"RAV4 LE","2T3F1RFV5MW176669",29599.0,NULL,NULL
"Chevrolet",81615,"Equinox 2LT","2GNAXTEV5L6241478",23990.0,NULL,NULL
"Toyota",52863,"RAV4 XLE","JTMP1RFV1KD010907",33685.0,NULL,NULL
"Kia",38702,"Sorento LX V6","5XYPGDA53KG522128",29988.0,NULL,NULL
"Honda",42665,"Accord LX","1HGCV1F19KA045537",26995.0,NULL,NULL
"Ford",37770,"F-150 XLT","1FTEW1E40KFD33689",39990.0,NULL,NULL
"Toyota",20127,"Corolla LE","JTDEPMAE5MJ119164",26985.0,NULL,NULL
"Ford",40163,"Expedition XLT","1FMJU1JT2KEA24714",50000.0,NULL,NULL
"Honda",24402,"HR-V LX","3CZRU6H30HG708683",17497.0,NULL,NULL
"RAM",13975,"1500 Big Horn","1C6SRFFTXMN539177",47954.0,NULL,NULL
"BMW",32458,"X5 xDrive40i","5UXCR6C55KLL06446",55980.0,NULL,NULL
"Honda",31012,"CR-V EX-L","7FARW2H80KE016445",30998.0,NULL,NULL
"Toyota",84000,"RAV4 XLE","2T3RFREV0JW700659",27995.0,NULL,NULL
"Acura",29595,"MDX 3.5L w/Technology Package","5J8YD4H55KL024280",41995.0,NULL,NULL
"Honda",24537,"CR-V EX","2HKRW2H53KH642512",29891.0,NULL,NULL
"Mercedes-Benz",82337,"C-Class C300 4MATIC","55SWF4KB7FU079870",21998.0,NULL,NULL
"Toyota",35217,"4Runner TRD Off Road","JTEBU5JR1K5709576",47094.0,NULL,NULL
"Buick",51046,"Enclave Essence","5GAEVAKWXKJ220159",36399.0,NULL,NULL
"Honda",55705,"CR-V Touring","5J6RW2H90KL023374",30568.0,NULL,NULL
"Ford",24666,"Explorer Platinum","1FM5K8HC3MGB02253",51871.0,NULL,NULL
"Chevrolet",26723,"Traverse LT Leather","1GNEVHKW4LJ124625",40975.0,NULL,NULL
"Ford",82102,"F-150 XLT","1FTEW1EF6GFD41806",34998.0,NULL,NULL
"Toyota",58926,"Corolla S Plus","5YFBURHEXFP204613",18980.0,NULL,NULL
"Chevrolet",24770,"Equinox 2LT","2GNAXTEV3L6259025",26398.0,NULL,NULL
"Chevrolet",55896,"Tahoe Premier","1GNSKCKC7LR214308",51998.0,NULL,NULL
"Mercedes-Benz",37947,"GLC 300 Base 4MATIC","WDC0G4KB0JV055001",36408.0,NULL,NULL
"Kia",51446,"Sportage LX","KNDPMCAC0K7617471",22988.0,NULL,NULL
"Hyundai",45538,"Accent SE","3KPC24A36KE047342",17568.0,NULL,NULL
"Subaru",78270,"Forester 2.5i Premium","JF2SJAEC3HH574542",23988.0,NULL,NULL
"Jeep",82799,"Compass High Altitude","1C4NJDEBXGD744907",16488.0,NULL,NULL
"Ford",98118,"Focus SE","1FADP3K24EL229970",10990.0,NULL,NULL
"BMW",33600,"X2 xDrive28i","WBXYJ5C31JEF72465",25742.0,NULL,NULL
"Honda",60455,"Accord LX","1HGCV1F1XKA096948",25990.0,NULL,NULL
"Chevrolet",70623,"Equinox 1LT","3GNAXKEV6KL339603",19999.0,NULL,NULL
"Ford",20897,"Mustang GT","1ZVBP8FF7C5275870",32000.0,NULL,NULL
"Chevrolet",75453,"Cruze LT","3G1BE6SM0HS587634",14997.0,NULL,NULL
"Toyota",24826,"Tacoma SR","5TFSX5EN8KX067896",32900.0,NULL,NULL
"Subaru",28500,"Outback Touring XT","4S4BTGPD6L3168984",38989.0,NULL,NULL
"Ford",44044,"F-150 XLT","1FTEW1EP1KFB17344",37919.0,NULL,NULL
"Honda",62458,"Odyssey EX-L","5FNRL5H62DB065542",22999.0,NULL,NULL
"Honda",41896,"CR-V EX","5J6RW2H59KL011804",29998.0,NULL,NULL
"Honda",12066,"CR-V EX-L","7FARW2H84KE062005",32695.0,NULL,NULL
"Jeep",20420,"Wrangler Unlimited Sport S","1C4HJXDN2LW224337",41599.0,NULL,NULL
"Ford",51545,"F-150 XLT","1FTEW1EP9KFC86544",38995.0,NULL,NULL
"Honda",47478,"CR-V EX","5J6RW2H53KL024001",28898.0,NULL,NULL
"Kia",42865,"Sportage LX","KNDPMCAC9H7247386",16972.0,NULL,NULL
"Ford",81637,"Explorer Limited","1FM5K8F83EGB00986",21495.0,NULL,NULL
"Buick",75274,"LaCrosse Premium 2","1G4GF5E31CF222640",15992.0,NULL,NULL
"RAM",48828,"1500 Big Horn","1C6RR7LG2HS827892",30999.0,NULL,NULL
"RAM",46865,"1500 Laramie","1C6RR7NMXGS289086",34444.0,NULL,NULL
"Toyota",16225,"Tacoma SR5","5TFCZ5AN5MX256707",42000.0,NULL,NULL
"Subaru",20136,"Outback Onyx Edition XT","4S4BTGKD4L3114378",37599.0,NULL,NULL
"RAM",24594,"1500 Big Horn","1C6SRFFT5KN876059",41490.0,NULL,NULL
"Ford",26052,"Mustang EcoBoost Premium","1FATP8UH4J5124774",30998.0,NULL,NULL
"Jeep",43287,"Cherokee Trailhawk","1C4PJMBX3KD240247",28691.0,NULL,NULL
"Honda",33594,"CR-V LX","2HKRW6H34KH208704",26995.0,NULL,NULL
"Ford",50691,"F-150 Platinum","1FTFW1ED1MFA94435",63877.0,NULL,NULL
"Ford",37594,"Explorer XLT","1FMSK8DH8LGA79359",39998.0,NULL,NULL
"Buick",30493,"Enclave Essence","5GAEVAKW8JJ191291",36299.0,NULL,NULL
"Hyundai",37662,"Elantra SE","5NPD74LF8KH450411",19827.0,NULL,NULL
"Jeep",42650,"Grand Cherokee Laredo","1C4RJFAG1JC328403",29799.0,NULL,NULL
"Ford",58640,"Explorer Limited","1FM5K8FH3GGD13763",27998.0,NULL,NULL
"Honda",47836,"HR-V LX","3CZRU6H34HG707424",23995.0,NULL,NULL
"Mazda",31003,"CX-30 Select","3MVDMBBL7MM217913",26599.0,NULL,NULL
"Ford",12180,"Escape SE","1FMCU9G66LUB23326",29995.0,NULL,NULL
"RAM",28661,"1500 Laramie","1C6SRFJT2MN736710",51558.0,NULL,NULL
"Nissan",29347,"Rogue SL","5N1AT2MV5KC779986",29998.0,NULL,NULL
"Mazda",22884,"MX-5 Miata Grand Touring","JM1NDAD72G0119766",25999.0,NULL,NULL
"Mercedes-Benz",25873,"GLC 300 Base 4MATIC","WDC0G4KB6KV160997",40550.0,NULL,NULL
"Cadillac",22613,"XT6 Premium Luxury AWD","1GYKPDRS0LZ118723",52998.0,NULL,NULL
"Subaru",21229,"Crosstrek 2.0i Premium","JF2GTAEC1K8328998",27995.0,NULL,NULL
"Jeep",31688,"Grand Cherokee Limited","1C4RJFBG6KC583712",35599.0,NULL,NULL
"Jeep",41735,"Cherokee Latitude Plus","1C4PJMLN0KD257696",27629.0,NULL,NULL
"Chevrolet",51251,"Silverado 1500 LTZ","3GCUYGED0KG143690",44999.0,NULL,NULL
"Toyota",63075,"Camry LE","4T1B11HK7KU241286",25409.0,NULL,NULL
"Hyundai",69017,"Elantra Value Edition","KMHD84LF3JU495270",18998.0,NULL,NULL
"Ford",41752,"F-150 Lariat","1FTFW1E47LFB54426",52533.0,NULL,NULL
"Jeep",52060,"Grand Cherokee Limited","1C4RJFBG0FC237144",25498.0,NULL,NULL
"Kia",22903,"Sportage LX","KNDPMCAC3L7638414",28852.0,NULL,NULL
"Subaru",49665,"Ascent Limited 7-Passenger","4S4WMAPD2K3417341",34495.0,NULL,NULL
"Toyota",23385,"Corolla LE","5YFEPMAE1MP172584",26900.0,NULL,NULL
"Ford",42011,"Edge SE","2FMPK4G95JBC06916",23799.0,NULL,NULL
"Hyundai",28928,"Tucson SEL","KM8J3CAL4KU022709",28000.0,NULL,NULL
"GMC",65712,"Yukon SLT","1GKS2BKC9LR206217",47295.0,NULL,NULL
"Jeep",66960,"Wrangler Unlimited Sport","1C4BJWDG6HL602220",31699.0,NULL,NULL
"Kia",64393,"Sorento LX","5XYPGDA57LG613842",24397.0,NULL,NULL
"Chevrolet",40339,"Equinox 1LT","2GNAXSEV3J6332269",17995.0,NULL,NULL
"Toyota",26797,"RAV4 XLE","2T3P1RFV1KW057888",34000.0,NULL,NULL
"Toyota",19035,"Highlander XLE","5TDGZRBH2LS038410",42989.0,NULL,NULL
"Ford",38248,"F-150 Lariat","1FTEW1E52KKE94495",46399.0,NULL,NULL
"GMC",27254,"Sierra 1500 Denali","3GTU9FEL5LG408622",59995.0,NULL,NULL
"Mercedes-Benz",33176,"GLE 350 Base 4MATIC","4JGFB4KEXLA122802",58015.0,NULL,NULL
"Toyota",41701,"RAV4 LE","2T3F1RFVXMW195055",29799.0,NULL,NULL
"Honda",12926,"CR-V EX-L","5J6RW2H86KL024097",33595.0,NULL,NULL
"Honda",26004,"CR-V EX-L","5J6RW2H85KL017772",32498.0,NULL,NULL
"Honda",45674,"Odyssey EX-L","5FNRL6H75KB078345",37998.0,NULL,NULL
"Kia",17784,"Sorento LX","5XYPGDA33KG561171",29995.0,NULL,NULL
"Kia",77991,"Sorento LX","5XYPGDA54GG109576",18998.0,NULL,NULL
"Toyota",46442,"RAV4 LE","2T3F1RFV7MW175846",29598.0,NULL,NULL
"Ford",52520,"F-150 Lariat","1FTFW1ET8EKE83900",29995.0,NULL,NULL
"Chevrolet",36434,"Equinox 1LT","3GNAXUEV0KL116470",25900.0,NULL,NULL
"Volkswagen",52444,"Tiguan 2.0T SE","3VV2B7AX6JM167860",24875.0,NULL,NULL
"Ford",21984,"F-150 XLT","1FTFX1E54JFA24378",36041.0,NULL,NULL
"Tesla",14480,"Model Y Performance","5YJYGDEF6MF257741",74206.0,NULL,NULL
"Ford",56395,"Escape Titanium","1FMCU9J99EUB27117",19333.0,NULL,NULL
"Volkswagen",24584,"Tiguan 2.0T S","3VV0B7AX6KM177653",26975.0,NULL,NULL
"Honda",65076,"Accord LX","1HGCR2F31HA208475",17352.0,NULL,NULL
"Audi",51600,"Q3 2.0T Premium Plus","WA1EFCFS4GR015678",25988.0,NULL,NULL
"Jeep",55366,"Grand Cherokee Altitude","1C4RJFAG5LC118633",37704.0,NULL,NULL
"Lincoln",12688,"MKC Reserve","5LMCJ3D98KUL51702",38999.0,NULL,NULL
"Tesla",23856,"Model X Performance","5YJXCAE4XMF321932",114998.0,NULL,NULL
"Land",25363,"Rover Discovery SE","SALRG2RV3JA065412",44998.0,NULL,NULL
"GMC",57109,"Terrain Denali","3GKALXEX5KL106853",33896.0,NULL,NULL
"Audi",85939,"S5 3.0 Prestige quattro","WAUVGAFH1BN011368",19500.0,NULL,NULL
"Honda",39105,"CR-V EX-L","7FARW2H86KE020077",29998.0,NULL,NULL
"Mazda",50953,"CX-5 Grand Touring","JM3KE4DY2G0836752",24998.0,NULL,NULL
"Nissan",68623,"Rogue SV","5N1AT2MV1HC826665",16975.0,NULL,NULL
"Ford",81037,"F-150 XLT","1FTFW1E51KFA00639",35997.0,NULL,NULL
"Hyundai",17791,"Palisade Limited","KM8R5DHE9LU125748",53900.0,NULL,NULL
"BMW",8884,"Z4 sDrive30i","WBAHF3C09MWX25496",52980.0,NULL,NULL
"Mazda",11754,"CX-5 Grand Touring","JM3KFBDM5L1813937",32998.0,NULL,NULL
"Lincoln",99488,"MKX Base","2LMDJ6JKXDBL19864",15499.0,NULL,NULL
"Toyota",13853,"RAV4 LE","2T3G1RFV4KW057268",32174.0,NULL,NULL
"Lincoln",37426,"MKC Select","5LMTJ2DH7HUL68940",27650.0,NULL,NULL
"Toyota",96203,"Sienna XLE","5TDYK3DC8FS568702",23227.0,NULL,NULL
"GMC",38360,"Sierra 1500 Denali","1GTU9FEL9LZ223747",59990.0,NULL,NULL
"Hyundai",34050,"Palisade Limited","KM8R5DHE0LU028907",47994.0,NULL,NULL
"Nissan",99252,"Rogue SV","5N1AT2MV9HC830916",19277.0,NULL,NULL
"Chevrolet",12436,"Equinox 1LT","2GNAXKEV0K6264398",24699.0,NULL,NULL
"Subaru",16702,"Outback Onyx Edition XT","4S4BTGKD4L3225125",38989.0,NULL,NULL
"Jeep",14234,"Compass Limited","3C4NJDCB1LT236090",31988.0,NULL,NULL
"GMC",57164,"Sierra 1500 Denali","3GTU9FED6KG232977",49598.0,NULL,NULL
"Honda",30715,"Ridgeline RTL-E","5FPYK3F74KB032657",36782.0,NULL,NULL
"Honda",20735,"Accord Touring 2.0T","1HGCV2F99KA003963",36875.0,NULL,NULL
"BMW",57949,"328 i xDrive","WBA3B3C53DF540670",19300.0,NULL,NULL
"Hyundai",68808,"Santa Fe Sport 2.0L Turbo","5XYZWDLA4GG306933",21998.0,NULL,NULL
"Toyota",30647,"RAV4 XLE","JTMP1RFV7KD507847",33900.0,NULL,NULL
"Jeep",42861,"Renegade Sport","ZACNJBAB3KPK28597",22998.0,NULL,NULL
"Subaru",24337,"Forester Sport","JF2SKAJC5KH410428",34989.0,NULL,NULL
"Toyota",14877,"RAV4 XLE Premium","JTMA1RFV0KD515276",40982.0,NULL,NULL
"GMC",93960,"Acadia Limited Limited","1GKKVSKD1HJ201504",23995.0,NULL,NULL
"Mercedes-Benz",72700,"C-Class C 300 4MATIC","WDDWF4KB0HR232710",24830.0,NULL,NULL
"Chrysler",77817,"Pacifica Touring-L","2C4RC1BG9MR508719",35998.0,NULL,NULL
"Acura",15810,"RDX Technology Package","5J8TC2H56LL008527",44989.0,NULL,NULL
"Audi",52560,"Q7 55 Premium","WA1AAAF72KD002625",43752.0,NULL,NULL
"RAM",43675,"1500 Laramie","1C6SRFJT9LN148205",47995.0,NULL,NULL
"Chevrolet",62125,"Equinox 1LT","3GNAXKEV4KS515442",22399.0,NULL,NULL
"Jeep",19343,"Grand Cherokee L Limited","1C4RJKBG7M8101330",50383.0,NULL,NULL
"Chevrolet",60235,"Equinox 1LT","2GNFLFEK6F6123419",18995.0,NULL,NULL
"Toyota",12112,"Corolla LE","5YFEPMAE3MP270256",28479.0,NULL,NULL
"Ford",50359,"F-150 XLT","1FTEX1EP4HFA22444",31871.0,NULL,NULL
"Volkswagen",36999,"Atlas 3.6L SE w/Technology","1V2UR2CA9KC562647",39975.0,NULL,NULL
"Chevrolet",70900,"Equinox 1LT","2GNAXSEV0J6208427",19975.0,NULL,NULL
"Chevrolet",72185,"Silverado 1500 LTZ","1GCVKSEC1FZ166028",33999.0,NULL,NULL
"BMW",67558,"X5 xDrive35i","5UXKR0C5XH0U52425",33959.0,NULL,NULL
"Ford",97417,"Edge Titanium","2FMTK4K83FBC38333",19900.0,NULL,NULL
"Jeep",65403,"Grand Cherokee Altitude","1C4RJFAG7HC763100",28995.0,NULL,NULL
"Subaru",44392,"Forester Sport","JF2SKAPC1KH569518",30798.0,NULL,NULL
"Ford",45944,"F-150 XLT","1FTEW1E54JFC90420",38289.0,NULL,NULL
"GMC",79429,"Acadia Denali","1GKKVTKD6EJ355711",21499.0,NULL,NULL
"Acura",21717,"RDX A-Spec","5J8TC2H68KL000565",43495.0,NULL,NULL
"Chevrolet",82148,"Silverado 1500 LT","3GCUKREC9FG107104",27798.0,NULL,NULL
"Mercedes-Benz",10443,"GLB 250 Base 4MATIC","W1N4M4HBXMW106440",47633.0,NULL,NULL
"Subaru",3003,"Forester Limited","JF2SKAUC2KH589247",35989.0,NULL,NULL
"Jeep",96392,"Grand Cherokee Limited","1C4RJFBG3FC790094",21998.0,NULL,NULL
"BMW",31507,"X7 xDrive40i","5UXCW2C53KL088718",70200.0,NULL,NULL
"Ford",80819,"F-150 Lariat","1FTEW1EP4GFA54327",33995.0,NULL,NULL
"Chevrolet",90353,"Traverse LTZ","1GNKVJKD1FJ269764",20680.0,NULL,NULL
"Lexus",39618,"RX 350 Base","2T2HZMDAXLC221565",48999.0,NULL,NULL
"Mazda",41727,"CX-5 Touring","JM3KFBCM9L0764636",27599.0,NULL,NULL
"Honda",82039,"CR-V EX-L","2HKRM4H73EH610117",20995.0,NULL,NULL
"RAM",33808,"1500 Laramie","1C6SRFDTXLN220198",41998.0,NULL,NULL
"Ford",45370,"Expedition XLT","1FMJU1JT2KEA90583",51990.0,NULL,NULL
"GMC",76213,"Sierra 1500 Denali","3GTU2WEC0FG272862",36494.0,NULL,NULL
"Chevrolet",72009,"Cruze LT","1G1BE5SM6H7216759",16999.0,NULL,NULL
"Honda",13136,"CR-V Touring","5J6RW2H92KL018970",35386.0,NULL,NULL
"Toyota",48083,"Highlander XLE","5TDGZRBH9LS508786",42385.0,NULL,NULL
"Lincoln",24870,"Continental Reserve","1LN6L9NC9L5605162",59895.0,NULL,NULL
"Jeep",21053,"Grand Cherokee Limited","1C4RJFBG2KC841420",36992.0,NULL,NULL
"Chevrolet",37881,"Trax LT","3GNCJLSB1KL328082",19747.0,NULL,NULL
"Mazda",77027,"CX-9 Touring","JM3TCBCY9J0225575",27377.0,NULL,NULL
"Chevrolet",39092,"Equinox Premier w/2LZ","2GNAXYEX8L6236712",33996.0,NULL,NULL
"Volkswagen",76396,"Tiguan 2.0T SE","3VV2B7AX6JM122188",23475.0,NULL,NULL
"Honda",20177,"HR-V EX-L","3CZRU6H74KM713476",27995.0,NULL,NULL
"Honda",27338,"Ridgeline RTL-E","5FPYK3F70LB010902",38991.0,NULL,NULL
"Cadillac",33800,"XT5 Luxury","1GYKNDRS0JZ216086",31950.0,NULL,NULL
"Honda",24608,"Odyssey EX-L","5FNRL6H78KB119826",36995.0,NULL,NULL
"RAM",20078,"1500 Classic SLT","1C6RR7GG1MS507595",37900.0,NULL,NULL
"Jeep",93317,"Grand Cherokee Limited","1C4RJFBGXFC725582",22398.0,NULL,NULL
"Volkswagen",46000,"Tiguan 2.0T SE","3VV2B7AX0JM129878",28975.0,NULL,NULL
"Honda",37156,"CR-V EX","5J6RW2H56KL017382",30490.0,NULL,NULL
"Ford",45318,"Escape SE","1FMCU0GD7KUC03033",23799.0,NULL,NULL
"Mercedes-Benz",55333,"GLC 300 Base 4MATIC","WDC0G4KB5KV187933",35107.0,NULL,NULL
"Volkswagen",95325,"Touareg VR6","WVGEF9BP1GD004673",20785.0,NULL,NULL
"Ford",53469,"Edge SEL","2FMPK4J93LBA30105",28865.0,NULL,NULL
"Toyota",20600,"Camry SE","4T1B11HK8KU274121",28995.0,NULL,NULL
"Subaru",52131,"Outback Limited","4S4BTANC9L3117812",34922.0,NULL,NULL
"Buick",62295,"Enclave Essence","5GAEVAKW4KJ269471",35599.0,NULL,NULL
"BMW",5210,"X3 xDrive30i","5UXTY5C07M9F29687",45995.0,NULL,NULL
"Toyota",10898,"RAV4 Limited","2T3DFREV4HW661093",32998.0,NULL,NULL
"Acura",51216,"RDX A-Spec","5J8TC2H65KL013158",38495.0,NULL,NULL
"Volvo",52021,"XC60 T6 Dynamic","YV449MRR1H2222625",26998.0,NULL,NULL
"Land",43716,"Rover Range Rover 3.0L V6 Supercharged HSE","SALGS2SV0KA528804",82999.0,NULL,NULL
"BMW",32415,"X5 xDrive40i","5UXCR6C50KLL10954",54670.0,NULL,NULL
"Toyota",44082,"RAV4 XLE Premium","2T3A1RFV1KW063728",37385.0,NULL,NULL
"Ford",16333,"F-150 XLT","1FTEW1EP5KFB97831",43017.0,NULL,NULL
"BMW",49129,"535 i xDrive","WBA5B3C5XGG254676",25787.0,NULL,NULL
"Jeep",19159,"Cherokee Trailhawk","1C4PJMBX7KD350931",30880.0,NULL,NULL
"Ford",37693,"Edge SEL","2FMPK4J91KBC48462",30499.0,NULL,NULL
"Ford",14414,"F-150 Platinum","1FTFW1E86MFA52104",70998.0,NULL,NULL
"Honda",26834,"CR-V EX","5J6RW2H54KL037405",29998.0,NULL,NULL
"Honda",48082,"CR-V EX-L","5J6RW2H8XKL035524",29995.0,NULL,NULL
"Mercedes-Benz",7635,"C-Class C 300 4MATIC","W1KWF8EB5MR648815",39881.0,NULL,NULL
"Jeep",13658,"Compass Limited","3C4NJCCB2LT247917",29989.0,NULL,NULL
"Kia",17163,"Soul !","KNDJX3AA1K7693972",29998.0,NULL,NULL
"Jeep",24344,"Grand Cherokee Limited","1C4RJFBG9LC104992",42990.0,NULL,NULL
"Toyota",23956,"RAV4 XLE","2T3P1RFVXKW076200",34800.0,NULL,NULL
"Subaru",55102,"Crosstrek 2.0i Premium","JF2GTADC6J8341925",26988.0,NULL,NULL
"Volkswagen",20465,"Atlas 3.6L SEL","1V2BR2CA2MC529838",43975.0,NULL,NULL
"GMC",32677,"Acadia Denali","1GKKNXLS6HZ254761",35995.0,NULL,NULL
"Toyota",35999,"4Runner SR5","JTEBU5JR4L5780935",39998.0,NULL,NULL
"Jeep",19265,"Grand Cherokee L Limited","1C4RJKBG7M8112652",51720.0,NULL,NULL
"Ford",17158,"Bronco Sport Big Bend","3FMCR9B60MRA49967",37998.0,NULL,NULL
"Chrysler",21324,"Pacifica Touring L","2C4RC1BG6MR565184",39998.0,NULL,NULL
"Kia",71226,"Sedona LX","KNDMB5C16H6320218",20597.0,NULL,NULL
"BMW",26497,"330 i xDrive","WBA5R7C56KAJ79781",39480.0,NULL,NULL
"Mercedes-Benz",24444,"C-Class C 300 4MATIC","55SWF8EB8KU301474",36405.0,NULL,NULL
"Cadillac",14870,"XT6 Premium Luxury AWD","1GYKPDRS2LZ183217",55497.0,NULL,NULL
"GMC",38764,"Sierra 1500 Denali","1GTU9FEL7LZ122688",60121.0,NULL,NULL
"Toyota",30465,"Camry SE","4T1G11AK1LU359884",29800.0,NULL,NULL
"Audi",56609,"A3 2.0T Premium","WAUBFGFFXF1111425",21997.0,NULL,NULL
"Cadillac",33313,"XT4 Sport","1GYFZFR43KF112438",39998.0,NULL,NULL
"Mazda",14256,"CX-9 Grand Touring","JM3TCBDY6L0411382",39998.0,NULL,NULL
"Toyota",16823,"4Runner Limited","JTEKU5JR3M5882986",52991.0,NULL,NULL
"GMC",61322,"Acadia Limited Limited","1GKKVSKD1HJ231571",27688.0,NULL,NULL
"Ford",24383,"Fusion SE","3FA6P0HD5LR170460",24999.0,NULL,NULL
"Honda",26896,"CR-V LX","2HKRW6H30KH204990",26495.0,NULL,NULL
"Hyundai",15132,"Kona SEL Plus","KM8K6CAA3MU678610",28540.0,NULL,NULL
"Chevrolet",34739,"Silverado 1500 LTZ","1GCUYGED1KZ327911",46450.0,NULL,NULL
"Dodge",20533,"Durango R/T","1C4SDJCT7MC606053",61998.0,NULL,NULL
"Subaru",89690,"Outback 2.5i Premium","4S4BSAFCXK3394324",24995.0,NULL,NULL
"Alfa",17084,"Romeo Giulia Ti","ZARFAEEN6H7544777",32998.0,NULL,NULL
"Chevrolet",41800,"Tahoe High Country","1GNSKTKL5MR103838",73999.0,NULL,NULL
"Honda",47033,"CR-V EX-L","7FARW2H80KE008250",29999.0,NULL,NULL
"Honda",13425,"CR-V EX-L","2HKRW2H89LH697302",33998.0,NULL,NULL
"Ford",33788,"F-150 XLT","1FTEW1EP7LFA56700",46988.0,NULL,NULL
"Chevrolet",54479,"Equinox 1LT","3GNAXSEV1JS637495",25995.0,NULL,NULL
"Subaru",28219,"Forester Limited","JF2SKASC7KH540810",25942.0,NULL,NULL
"RAM",81916,"1500 Express","1C6RR7FTXHS587984",25943.0,NULL,NULL
"Toyota",27963,"RAV4 XLE","JTMP1RFV9KD018317",36977.0,NULL,NULL
"Ford",92970,"Edge SEL","2FMTK3J91FBB34007",17857.0,NULL,NULL
"Subaru",14502,"Outback Limited","4S4BTAMC4M3125108",35995.0,NULL,NULL
"Subaru",22926,"Ascent Limited 7-Passenger","4S4WMAPDXK3462138",36998.0,NULL,NULL
"Chevrolet",26784,"Equinox Premier","2GNFLGEKXH6181347",24997.0,NULL,NULL
"GMC",19001,"Sierra 1500 Denali","1GTU9FET9MZ353965",65599.0,NULL,NULL
"Kia",11763,"K5 GT-Line","5XXG64J22NG121669",34000.0,NULL,NULL
"Nissan",1146,"Rogue SL","5N1AT3CB0MC711496",36898.0,NULL,NULL
"Chevrolet",46454,"Silverado 1500 Custom","1GCPYBEH6KZ316387",34490.0,NULL,NULL
"Chevrolet",41971,"Equinox 1LT","3GNAXKEV3KS569878",23987.0,NULL,NULL
"Mercedes-Benz",45302,"C-Class C 300 4MATIC","55SWF8EB9KU283759",34333.0,NULL,NULL
"Honda",23912,"CR-V EX","5J6RW2H57KL017374",29998.0,NULL,NULL
"Subaru",38948,"Outback 2.5i Premium","4S4BSAFC8K3246754",27299.0,NULL,NULL
"Ford",45845,"Escape SE","1FMCU9GD0JUA23749",22900.0,NULL,NULL
"GMC",31456,"Canyon SLT","1GTG6DE32G1150252",34990.0,NULL,NULL
"GMC",21102,"Sierra 1500 Denali","1GTU9FEL7KZ130546",57423.0,NULL,NULL
"Toyota",21585,"Camry LE","4T4BF1FK1FR501746",19990.0,NULL,NULL
"Ford",1208,"F-150 XLT","1FTEW1EP2MKE41946",53799.0,NULL,NULL
"Ford",37229,"Escape SE","1FMCU9GD0JUB12351",18995.0,NULL,NULL
"Chevrolet",81681,"Cruze LT","3G1BE6SM2HS540170",15998.0,NULL,NULL
"Ford",59497,"Escape SE","1FMCU0GD1KUA64873",22399.0,NULL,NULL
"Toyota",45419,"Camry SE","4T1B11HKXKU190222",27416.0,NULL,NULL
"Ford",64373,"Expedition XLT","1FMJU1JT1KEA26776",46990.0,NULL,NULL
"Ford",60341,"Edge SEL","2FMPK4J97LBA15252",26997.0,NULL,NULL
"Honda",34005,"Passport EX-L","5FNYF8H58LB006439",35485.0,NULL,NULL
"Jeep",87281,"Grand Cherokee Limited","1C4RJFBG2JC409487",29000.0,NULL,NULL
"BMW",52932,"X5 xDrive35i","5UXKR0C30H0V80784",38777.0,NULL,NULL
"Ford",55548,"F-150 XLT","1FTEX1EP0KKC69331",35999.0,NULL,NULL
"Toyota",47461,"RAV4 LE","2T3F1RFV1KW032873",29799.0,NULL,NULL
"Ford",76538,"Explorer Sport","1FM5K8GT0FGB67422",27488.0,NULL,NULL
"Chevrolet",35789,"Cruze Limited 1LT","1G1PE5SB1G7227400",16980.0,NULL,NULL
"Chevrolet",89715,"Cruze LTZ","1G1PG5SB5F7201004",14995.0,NULL,NULL
"Subaru",47210,"Crosstrek 2.0i Premium","JF2GTAECXK8358372",25752.0,NULL,NULL
"Honda",22353,"CR-V EX-L","5J6RW2H8XLL009975",34998.0,NULL,NULL
"MINI",64350,"Countryman Cooper S ALL4","WMWZC5C56GWU00703",20995.0,NULL,NULL
"Chrysler",81941,"Pacifica Touring-L Plus","2C4RC1EG3HR534251",25966.0,NULL,NULL
"Lexus",36877,"RX 450h","2T2BGMCA1HC010517",42999.0,NULL,NULL
"Jeep",74025,"Compass Sport","3C4NJDAB0JT265175",21998.0,NULL,NULL
"Ford",46888,"Escape Titanium","1FMCU9J90KUB04093",27985.0,NULL,NULL
"Jeep",80784,"Grand Cherokee Limited","1C4RJFBG6JC432996",28988.0,NULL,NULL
"Honda",48549,"CR-V EX","7FARW2H51KE031963",29001.0,NULL,NULL
"Subaru",47226,"Ascent Touring 7-Passenger","4S4WMARD3L3445339",31754.0,NULL,NULL
"Ford",83786,"Explorer Limited","1FM5K8FH1HGA75803",28447.0,NULL,NULL
"Toyota",56671,"RAV4 XLE","JTMP1RFV5KJ002035",32895.0,NULL,NULL
"Chevrolet",27661,"Equinox Premier w/2LZ","2GNAXYEX2L6191685",33997.0,NULL,NULL
"Ford",75650,"Explorer sport","1FM5K8GT0JGC05840",33996.0,NULL,NULL
"Toyota",13534,"RAV4 Prime SE","JTMAB3FV3MD028974",58998.0,NULL,NULL
"Ford",54919,"F-150 XLT","1FTFW1E5XKKC05996",38688.0,NULL,NULL
"Toyota",46650,"Corolla LE","5YFEPRAE9LP094003",23985.0,NULL,NULL
"Hyundai",27546,"Palisade Limited","KM8R5DHE3LU085733",52900.0,NULL,NULL
"Jeep",32144,"Compass Limited","3C4NJDCB2LT230475",30699.0,NULL,NULL
"Chevrolet",35613,"Suburban LT","1GNSKHKC8KR317491",54000.0,NULL,NULL
"Chevrolet",66455,"Equinox LT","2GNFLFEK2H6299970",20466.0,NULL,NULL
"Honda",32011,"Ridgeline RTL-E","5FPYK3F75LB005999",39490.0,NULL,NULL
"Toyota",46391,"Camry SE","4T1G11AK1LU932590",28895.0,NULL,NULL
"Buick",53938,"Enclave Essence","5GAEVAKW3KJ210041",34977.0,NULL,NULL
"Toyota",87244,"RAV4 Limited","2T3DFREV8HW623463",26250.0,NULL,NULL
"Volkswagen",25295,"Tiguan 2.0T SE","3VV2B7AX0LM062542",29999.0,NULL,NULL
"Honda",19913,"Passport EX-L","5FNYF8H52LB005156",36675.0,NULL,NULL
"Jeep",76696,"Grand Cherokee Overland","1C4RJFCM6EC376908",24950.0,NULL,NULL
"Toyota",38470,"RAV4 Hybrid LE","2T3MWRFV7KW025256",35988.0,NULL,NULL
"Honda",42436,"HR-V LX","3CZRU6H38JM704033",17997.0,NULL,NULL
"Audi",60570,"A4 2.0T Premium Plus","WAUENAF41JA103119",29998.0,NULL,NULL
"Honda",61968,"Pilot EX-L","5FNYF6H55KB040633",33299.0,NULL,NULL
"Ford",34495,"F-150 Lariat","1FTEW1EP5KFB06184",43905.0,NULL,NULL
"Lincoln",45569,"MKC Select","5LMCJ2D93GUJ30669",24495.0,NULL,NULL
"Lexus",23032,"RX 350 350","2T2BZMCA2KC210839",47599.0,NULL,NULL
"Ford",82191,"Explorer Limited","1FM5K8F84HGC68480",28998.0,NULL,NULL
"Kia",74063,"Sportage LX","KNDPMCACXJ7449160",19995.0,NULL,NULL
"MINI",39757,"Clubman Cooper S ALL4","WMWLU5C54H2C46071",24999.0,NULL,NULL
"Mazda",56042,"Mazda6 i Touring","JM1GJ1V63E1155772",18165.0,NULL,NULL
"Audi",39788,"Q7 55 Premium","WA1AAAF79KD007126",45442.0,NULL,NULL
"Audi",24118,"Q5 2.0T Premium Plus","WA1BNAFY0K2076509",42206.0,NULL,NULL
"Kia",43617,"Sportage LX","KNDPMCACXK7605845",22992.0,NULL,NULL
"Buick",53608,"Enclave Essence","5GAERBKW7JJ128967",31571.0,NULL,NULL
"Nissan",10609,"Rogue SL","5N1AT3CB0MC795898",38399.0,NULL,NULL
"GMC",67853,"Sierra 1500 SLT","3GTU2VECXFG335024",37444.0,NULL,NULL
"Buick",87626,"Enclave Leather","5GAKVBKD6GJ329488",23281.0,NULL,NULL
"GMC",7563,"Yukon XL Denali","1GKS2JKT7MR468328",94497.0,NULL,NULL
"BMW",60237,"535 i xDrive","WBA5B3C52GG252436",23572.0,NULL,NULL
"Subaru",19310,"Legacy Premium","4S3BWAF66M3011534",28747.0,NULL,NULL
"Kia",28090,"Sorento LX","5XYPGDA3XKG571079",28899.0,NULL,NULL
"Volkswagen",14395,"Tiguan 2.0T SE","3VV2B7AX4KM041465",27475.0,NULL,NULL
"Honda",87345,"Accord EX-L","1HGCR3F82EA024630",19599.0,NULL,NULL
"Lexus",82964,"LX 570 Base","JTJHY7AX7H4221046",62999.0,NULL,NULL
"Honda",32904,"Accord LX","1HGCV1F15KA126826",26599.0,NULL,NULL
"Hyundai",30830,"Sonata SEL","5NPE34AF4KH778024",23599.0,NULL,NULL
"Jeep",76896,"Grand Cherokee Trailhawk","1C4RJFLT5JC368364",33995.0,NULL,NULL
"Toyota",15532,"RAV4 LE","2T3F1RFV9KW064339",32000.0,NULL,NULL
"BMW",23071,"X3 xDrive30i","5UXTR9C56KLE17267",41998.0,NULL,NULL
"Ford",37266,"Escape SE","1FMCU9GDXKUC54322",25499.0,NULL,NULL
"Toyota",47094,"RAV4 Hybrid LE","2T3MWRFV6KW021201",32995.0,NULL,NULL
"Jeep",33336,"Grand Cherokee L Limited","1C4RJKBG3M8205197",47949.0,NULL,NULL
"Chevrolet",50925,"Equinox 1LT","3GNAXKEV3KS542812",22900.0,NULL,NULL
"Toyota",35343,"RAV4 LE","2T3BFREV1JW749600",29885.0,NULL,NULL
"Mercedes-Benz",4402,"GLB 250 Base 4MATIC","W1N4M4HBXNW187487",48405.0,NULL,NULL
"Jeep",12439,"Wrangler Sport","1C4GJXAN4MW701545",38490.0,NULL,NULL
"Toyota",31183,"RAV4 XLE Premium","JTMA1RFV7KD018869",39714.0,NULL,NULL
"Buick",63550,"Encore Base","KL4CJESB8GB733671",18900.0,NULL,NULL
"Subaru",23707,"Crosstrek 2.0i Premium","JF2GTACC8K8259486",28989.0,NULL,NULL
"Land",44213,"Rover Range Rover HSE","SALGS2SV2KA548925",76999.0,NULL,NULL
"RAM",53862,"1500 Big Horn","3C6RR7LT9HG505769",31987.0,NULL,NULL
"Dodge",65979,"Durango R/T","1C4SDJCT8HC871098",35719.0,NULL,NULL
"Honda",10009,"Accord LX","1HGCV1F10KA111229",26995.0,NULL,NULL
"INFINITI",32796,"QX60 Luxe","5N1DL0MM8KC517436",45990.0,NULL,NULL
"Jeep",39905,"Grand Cherokee Limited","1C4RJFBG4LC151525",38934.0,NULL,NULL
"Ford",30848,"Edge SEL","2FMPK4J90LBB56860",33990.0,NULL,NULL
"Jeep",87709,"Grand Cherokee Laredo","1C4RJFAG6FC892958",20500.0,NULL,NULL
"Chevrolet",84142,"Equinox Premier","2GNFLGEK4H6130958",20995.0,NULL,NULL
"BMW",83846,"535 i xDrive","WBA5B3C57GG255896",24999.0,NULL,NULL
"Jeep",41769,"Grand Cherokee Limited","1C4RJFBG6LC231294",36680.0,NULL,NULL
"Ford",62124,"Edge SEL","2FMPK4J98HBC64960",23599.0,NULL,NULL
"Subaru",42812,"Forester 2.5i Premium","JF2SJAGC8JH453816",26788.0,NULL,NULL
"Chevrolet",98879,"Equinox LT","2GNFLFE31G6135472",15990.0,NULL,NULL
"Chevrolet",23344,"Blazer 2LT","3GNKBCRS9KS570011",35997.0,NULL,NULL
"Hyundai",12933,"Tucson Ultimate","KM8J3CALXLU223984",34000.0,NULL,NULL
"Hyundai",20908,"Sonata SE","5NPE24AF7KH778487",24900.0,NULL,NULL
"BMW",52090,"X5 xDrive40i","5UXCR6C53KLL11628",51980.0,NULL,NULL
"Kia",91673,"Soul Base","KNDJT2A52D7570869",10998.0,NULL,NULL
"Chevrolet",41832,"Silverado 1500 LTZ","1GCUYGEL2LZ243993",49990.0,NULL,NULL
"Ford",27294,"Edge SEL","2FMPK4J9XKBB49283",30995.0,NULL,NULL
"Genesis",13477,"GV70 3.5T Sport","KMUMCDTC3NU016602",71490.0,NULL,NULL
"BMW",42917,"X2 xDrive28i","WBXYJ5C37JEF70297",29599.0,NULL,NULL
"Lexus",37144,"RX 350 350","2T2BZMCAXKC171143",46999.0,NULL,NULL
"Honda",20461,"Pilot EX-L","5FNYF6H52LB053339",37875.0,NULL,NULL
"Chevrolet",58839,"Silverado 1500 LTZ","3GCUYGEL4KG171421",47599.0,NULL,NULL
"Toyota",34998,"Camry LE","4T1C11AK3MU561111",28990.0,NULL,NULL
"Acura",32284,"RDX Technology Package","5J8TC2H57LL002963",43989.0,NULL,NULL
"GMC",31122,"Sierra 1500 Denali","1GTU9FED8KZ206042",53950.0,NULL,NULL
"Ford",45161,"F-150 XLT","1FTFW1E54JKF46227",35850.0,NULL,NULL
"BMW",40906,"X3 xDrive30i","5UXTR9C55KLE13470",38380.0,NULL,NULL
"Honda",13599,"CR-V EX-L","2HKRW2H85LH679783",34599.0,NULL,NULL
"Jeep",46193,"Grand Cherokee Altitude","1C4RJFAG5JC286608",33659.0,NULL,NULL
"Subaru",34677,"Outback 2.5i Limited","4S4BSANC8K3323592",30995.0,NULL,NULL
"Chevrolet",32096,"Equinox 2LT","3GNAXVEX6LL170820",31990.0,NULL,NULL
"Jeep",86681,"Grand Cherokee Laredo","1C4RJFAG1FC708350",21499.0,NULL,NULL
"Ford",86272,"Edge SEL","2FMDK3JC6EBB54168",16990.0,NULL,NULL
"RAM",56860,"1500 Big Horn","1C6RR7TT2HS772518",31500.0,NULL,NULL
"Honda",65553,"CR-V LX","3CZRM3H30EG710928",19995.0,NULL,NULL
"Volkswagen",88337,"Tiguan 2.0T SE","3VV2B7AX0KM141224",24811.0,NULL,NULL
"Toyota",18170,"RAV4 XLE","2T3P1RFV6KW063069",31999.0,NULL,NULL
"Hyundai",24946,"Sonata SE","5NPE24AF8KH731629",22994.0,NULL,NULL
"Subaru",36543,"Outback 2.5i","4S4BSABC0K3356137",28995.0,NULL,NULL
"Subaru",37586,"Outback Touring XT","4S4BTGPD4L3114910",36777.0,NULL,NULL
"Subaru",80422,"Legacy 2.5i Limited","4S3BNBL63F3F30592",19000.0,NULL,NULL
"Subaru",26633,"Outback Limited","4S4BTALC3L3198020",34922.0,NULL,NULL
"Land",61464,"Rover Range Rover Evoque SE Premium","SALVP2BG7HH208874",29980.0,NULL,NULL
"Chevrolet",31790,"Traverse LT Leather","1GNEVHKW5LJ307421",39956.0,NULL,NULL
"Honda",33392,"Civic EX","SHHFK7H6XKU226457",28995.0,NULL,NULL
"Hyundai",28502,"Palisade Limited","KM8R5DHE6LU068263",49583.0,NULL,NULL
"BMW",72295,"X2 xDrive28i","WBXYJ5C37JEF74639",27997.0,NULL,NULL
"GMC",26951,"Acadia Denali","1GKKNXLS5KZ156568",42950.0,NULL,NULL
"Ford",65042,"Explorer Limited","1FM5K8F85HGC37481",30388.0,NULL,NULL
"Honda",36650,"CR-V EX-L","2HKRW2H87KH624069",29998.0,NULL,NULL
"Mercedes-Benz",17704,"GLC 300 Base 4MATIC","WDC0G4KB0JV094879",38495.0,NULL,NULL
"RAM",19185,"1500 Laramie","1C6SRFJT1MN588517",55999.0,NULL,NULL
"RAM",11262,"1500 Laramie","1C6SRFJT9MN668616",52991.0,NULL,NULL
"Lexus",58617,"GX 460 Base","JTJBM7FXXH5163423",38699.0,NULL,NULL
"RAM",53850,"1500 Classic Big Horn","1C6RR7TTXKS513556",34599.0,NULL,NULL
"Chevrolet",13094,"Equinox 1LT","3GNAXUEV1MS168635",27995.0,NULL,NULL
"Lincoln",70455,"MKZ Base","3LN6L2G97GR613126",20499.0,NULL,NULL
"Kia",30214,"Sportage LX","KNDPMCAC9L7807190",29812.0,NULL,NULL
"Jeep",52278,"Grand Cherokee Limited","1C4RJFBT1KC824198",38495.0,NULL,NULL
"Nissan",53842,"Rogue Select S","JN8AS5MV1FW762491",11388.0,NULL,NULL
"Toyota",41871,"RAV4 Limited","2T3DFREV5GW413529",27399.0,NULL,NULL
"Dodge",30548,"Durango GT","1C4RDJDG6JC307312",35991.0,NULL,NULL
"Lincoln",13629,"MKC Reserve","5LMTJ3DH3KUL29582",40871.0,NULL,NULL
"Ford",24517,"Escape SE","1FMCU9G97FUC36376",19998.0,NULL,NULL
"Honda",20680,"Ridgeline RTL-E","5FPYK3F75LB016999",39998.0,NULL,NULL
"Ford",85618,"Taurus Limited","1FAHP2F89DG113262",14994.0,NULL,NULL
"Lincoln",19686,"Nautilus Reserve","2LMPJ8K98LBL12141",34986.0,NULL,NULL
"Ford",23470,"Explorer Limited","1FMSK8FH5LGB19684",45499.0,NULL,NULL
"BMW",87095,"X5 xDrive35i","5UXKR0C56F0K69133",27980.0,NULL,NULL
"Ford",10762,"Mustang Bullitt","1FA6P8K05K5503892",48988.0,NULL,NULL
"Ford",18374,"Escape SE","1FMCU9GD9KUB91391",26455.0,NULL,NULL
"Ford",52086,"Fiesta SE","3FADP4BJ8KM138496",15781.0,NULL,NULL
"Chevrolet",49919,"Silverado 1500 LTZ","1GCUYGED9LZ381328",45990.0,NULL,NULL
"Lexus",29399,"ES 350","JTHBK1GG6F2164120",26596.0,NULL,NULL
"Subaru",58792,"Impreza 2.0i Premium","4S3GTAD65J3745269",21998.0,NULL,NULL
"Ford",37122,"Escape Titanium","1FMCU9J98KUB61139",29999.0,NULL,NULL
"Volvo",26656,"XC60 T6 Momentum","YV4A22RK4K1347016",41199.0,NULL,NULL
"Honda",60071,"CR-V LX","5J6RM4H38EL095134",19898.0,NULL,NULL
"Mercedes-Benz",57072,"GLC 300 Base 4MATIC","WDC0G4KB9JV079992",33124.0,NULL,NULL
"Ford",39887,"F-150 XLT","1FTFW1E54KFD37130",42499.0,NULL,NULL
"Ford",52385,"Edge SEL","2FMPK4J95KBC31535",28799.0,NULL,NULL
"Toyota",35603,"Highlander XLE","5TDHZRBH5LS000643",43991.0,NULL,NULL
"Subaru",26357,"Forester Premium","JF2SKAEC5KH548223",28995.0,NULL,NULL
"Honda",46098,"Odyssey EX-L","5FNRL6H75KB047810",39433.0,NULL,NULL
"Subaru",82000,"Outback Premium","4S4BSAFC1H3376674",18995.0,NULL,NULL
"Honda",54718,"CR-V SE","5J6RM4H40GL103464",22995.0,NULL,NULL
"Jeep",23456,"Grand Cherokee Limited","1C4RJFBG7LC363805",40000.0,NULL,NULL
"Ford",48103,"EcoSport SES","MAJ6S3JL1LC346078",24980.0,NULL,NULL
"Honda",25012,"Civic EX","19XFC1F38KE010083",25658.0,NULL,NULL
"Mazda",83873,"CX-5 Grand Touring","JM3KE4DY6G0639695",21798.0,NULL,NULL
"Porsche",9991,"Taycan 4S","WP0AB2Y16LSA53420",129990.0,NULL,NULL
"Jeep",52004,"Grand Cherokee Limited","1C4RJFBG8KC765413",32725.0,NULL,NULL
"Lexus",80776,"RX 350 F Sport","2T2BZMCA5HC081438",37011.0,NULL,NULL
"RAM",86260,"1500 Tradesman/Express","1C6RR7FT9ES170836",21995.0,NULL,NULL
"Toyota",45263,"RAV4 Limited","JTMDFREV4JD251347",33675.0,NULL,NULL
"Honda",28550,"CR-V LX","5J6RW6H30KL002107",26998.0,NULL,NULL
"Lincoln",84229,"MKZ Base","3LN6L2G97FR628787",17990.0,NULL,NULL
"Hyundai",27642,"Palisade SEL","KM8R2DHE7LU043638",42995.0,NULL,NULL
"Subaru",31865,"Outback 2.5i Limited","4S4BSANC0H3324969",27995.0,NULL,NULL
"Volvo",38216,"XC60 T6 Momentum","YV4A22RK4K1338526",41277.0,NULL,NULL
"Subaru",15162,"Legacy Premium","4S3BWAD65M3004271",27995.0,NULL,NULL
"Audi",99015,"Q7 3.0T Premium Plus","WA1LGAFE1FD020156",24595.0,NULL,NULL
"Chevrolet",39185,"Equinox 1LT","2GNAXKEV2L6229380",24293.0,NULL,NULL
"GMC",76050,"Sierra 3500 Denali","1GT42YEY6HF141401",60000.0,NULL,NULL
"Ford",37601,"Escape SE","1FMCU9GX4GUB72622",19499.0,NULL,NULL
"Honda",40212,"CR-V LX","2HKRW6H3XKH223188",25999.0,NULL,NULL
"Toyota",61928,"Camry SE","4T1B11HK0KU195297",25995.0,NULL,NULL
"Chrysler",8261,"Pacifica Touring-L","2C4RC3BG9MR514676",44982.0,NULL,NULL
"Jeep",16658,"Grand Cherokee Limited","1C4RJFBG4KC720520",37977.0,NULL,NULL
"Chevrolet",40076,"Equinox 1LT","2GNAXUEV1K6286065",25496.0,NULL,NULL
"Honda",32755,"Accord LX","1HGCV1F11KA166191",27911.0,NULL,NULL
"Chevrolet",25156,"Equinox 1LT","2GNAXKEV7L6158533",24993.0,NULL,NULL
"Subaru",17018,"Outback Limited","4S4BTAMC6M3124672",34995.0,NULL,NULL
"Honda",90026,"Accord EX-L","1HGCR2F84GA105688",21999.0,NULL,NULL
"Hyundai",29900,"Sonata SE","5NPE24AF8KH739746",22985.0,NULL,NULL
"Nissan",33411,"Murano SV","5N1AZ2MS1KN122255",26998.0,NULL,NULL
"Ford",70662,"Edge SEL","2FMTK3J81FBB26576",19995.0,NULL,NULL
"Ford",58318,"Edge SEL","2FMTK4J83FBC12137",22999.0,NULL,NULL
"Mercedes-Benz",82696,"C-Class C 300 4MATIC","WDDWF4KB7JR324287",26990.0,NULL,NULL
"Chevrolet",27529,"Trax LT","3GNCJPSB6KL254200",22700.0,NULL,NULL
"Honda",31109,"Civic EX","SHHFK7H65KU211901",28334.0,NULL,NULL
"Toyota",42115,"RAV4 XLE","2T3RFREV3JW800769",27296.0,NULL,NULL
"Nissan",47886,"Rogue SV","JN8AT2MV4JW306568",25995.0,NULL,NULL
"Subaru",58476,"Forester 2.5i Premium","JF2SJAEC9HH574464",17854.0,NULL,NULL
"Ford",23108,"F-150 XL","1FTEW1EP2MKD26022",41990.0,NULL,NULL
"Nissan",73532,"Rogue S","5N1AT2MM7GC879490",17498.0,NULL,NULL
"RAM",58140,"1500 Laramie","1C6SRFJT6KN677576",42900.0,NULL,NULL
"Toyota",26506,"Highlander XLE","5TDGZRBH1LS013773",43998.0,NULL,NULL
"Chrysler",21300,"Pacifica Touring L","2C4RC1BG0MR565181",40998.0,NULL,NULL
"Toyota",40314,"RAV4 LE","2T3F1RFVXMW185688",29799.0,NULL,NULL
"GMC",66851,"Terrain Denali","3GKALXEX4KL101465",34998.0,NULL,NULL
"Audi",48498,"A6 3.0T Prestige","WAUHGAFCXGN021499",30725.0,NULL,NULL
"Volkswagen",11101,"Tiguan 2.0T S","3VV0B7AX4KM070097",27975.0,NULL,NULL
"Ford",40014,"F-150 XLT","1FTEX1EB7KKC50439",33900.0,NULL,NULL
"Chrysler",89460,"Pacifica Touring L","2C4RC1BG9JR217794",24699.0,NULL,NULL
"Volkswagen",100000,"Eos Komfort","WVWBW7AH7CV000380",6000.0,NULL,NULL
"Volkswagen",13965,"Atlas 3.6L SE w/Technology","1V2UR2CA1KC549097",38457.0,NULL,NULL
"Chevrolet",5279,"Corvette Grand Sport","1G1YY3D74J5100958",70945.0,NULL,NULL
"Subaru",35562,"Ascent Touring 7-Passenger","4S4WMARD7L3436949",42991.0,NULL,NULL
"Chevrolet",53324,"Suburban LT","1GNSKHKC3KR391904",49250.0,NULL,NULL
"Volkswagen",25878,"Atlas 3.6L SE w/Technology","1V2HR2CA5MC529004",38996.0,NULL,NULL
"BMW",49798,"330 i xDrive","WBA5R7C53KAJ80502",38480.0,NULL,NULL
"GMC",15691,"Terrain SLE","3GKALTEV9KL400134",28998.0,NULL,NULL
"Chevrolet",46777,"Equinox 1LT","2GNAXUEV1K6190615",24695.0,NULL,NULL
"Dodge",66541,"Durango GT","1C4RDJDG9HC806275",31307.0,NULL,NULL
"GMC",76064,"Acadia Denali","1GKKNXLS5KZ160863",36380.0,NULL,NULL
"Toyota",84268,"Sienna LE","5TDKK3DC1GS713263",25977.0,NULL,NULL
"Chevrolet",6095,"Tahoe High Country","1GNSKTKL7MR260500",79699.0,NULL,NULL
"RAM",82231,"1500 Laramie","1C6SRFRT8KN654837",38500.0,NULL,NULL
"Chrysler",26250,"Pacifica Touring L","2C4RC1BG8MR565185",39998.0,NULL,NULL
"Honda",31160,"CR-V EX-L","5J6RW2H87LA010139",33995.0,NULL,NULL
"Chevrolet",48778,"Silverado 1500 1LT","3GCUKRER7JG103727",39750.0,NULL,NULL
"Lincoln",95016,"MKZ Reserve I","3LN6L2JK3GR607500",19999.0,NULL,NULL
"Chevrolet",46934,"Equinox Premier w/2LZ","3GNAXYEX0LS543597",33476.0,NULL,NULL
"Toyota",4700,"Corolla LE","JTDEPMAEXMJ143248",26795.0,NULL,NULL
"Chevrolet",45036,"Traverse LT Leather","1GNEVHKWXKJ236893",39999.0,NULL,NULL
"Chevrolet",11244,"Equinox 1LT","3GNAXUEV5LS570074",28999.0,NULL,NULL
"Toyota",46837,"RAV4 Hybrid LE","2T3MWRFV5KW032500",35995.0,NULL,NULL
"Mazda",46206,"CX-5 Touring","JM3KFBCM7L0791317",26799.0,NULL,NULL
"Chevrolet",23556,"Equinox 2LT","3GNAXTEV4LS720783",26398.0,NULL,NULL
"Jeep",44501,"Grand Cherokee Limited","1C4RJFBG9LC314119",37677.0,NULL,NULL
"Honda",55331,"Accord EX-L","1HGCV1F53JA134585",28990.0,NULL,NULL
"Chevrolet",93509,"Suburban LT","1GNSKHKC0KR147949",43995.0,NULL,NULL
"Nissan",59407,"Rogue SV","5N1AT2MV1HC890849",19698.0,NULL,NULL
"Cadillac",35628,"XT4 Sport","1GYFZFR49KF220336",39997.0,NULL,NULL
"GMC",57194,"Acadia SLE-2","1GKKNSLA0KZ166239",28247.0,NULL,NULL
"Cadillac",9879,"Escalade Premium Luxury Platinum","1GYS4DKL7MR361992",116997.0,NULL,NULL
"Honda",32130,"CR-V EX-L","5J6RW2H88KL034100",31499.0,NULL,NULL
"Chevrolet",84131,"Equinox 1LT","2GNAXUEV2K6244035",23988.0,NULL,NULL
"Ford",31456,"Fusion SE","3FA6P0HD2LR119319",24495.0,NULL,NULL
"Jeep",53568,"Grand Cherokee Limited","1C4RJFBGXHC891328",29500.0,NULL,NULL
"Subaru",94287,"Outback 2.5i Limited","4S4BSBNC4G3231876",22495.0,NULL,NULL
"Ford",71320,"F-150 Lariat","1FTEW1EG5JFA82161",39950.0,NULL,NULL
"Honda",69609,"CR-V Touring","5J6RW2H9XKL001432",29599.0,NULL,NULL
"Ford",33321,"Explorer XLT","1FM5K8D81JGC83818",34998.0,NULL,NULL
"Lexus",31386,"GX 460 Base","JTJAM7BX5L5242458",56699.0,NULL,NULL
"Jeep",82042,"Grand Cherokee Limited","1C4RJFBG8HC622485",27991.0,NULL,NULL
"BMW",26289,"X7 xDrive40i","5UXCW2C55KL086503",72980.0,NULL,NULL
"Ford",33255,"F-150 XLT","1FTEW1EP9KKF13979",44488.0,NULL,NULL
"Chevrolet",64212,"Equinox 1LT","2GNFLFEK5F6105235",12995.0,NULL,NULL
"Nissan",4299,"Rogue SL","JN8AT3CB5MW241182",38998.0,NULL,NULL
"Toyota",34015,"Highlander XLE","5TDJZRFH2KS597700",37998.0,NULL,NULL
"Honda",84627,"Accord EX-L","1HGCR2F92HA044027",23998.0,NULL,NULL
"Ford",40096,"EcoSport SE","MAJ6P1UL9JC210019",20996.0,NULL,NULL
"Mercedes-Benz",15605,"C-Class C 300 4MATIC","55SWF4KB4JU277413",36884.0,NULL,NULL
"Land",42916,"Rover Range Rover Evoque SE Premium","SALVP2RX9JH272541",36980.0,NULL,NULL
"Honda",39135,"CR-V LX","5J6RW6H33KL001470",26595.0,NULL,NULL
"Mazda",53675,"CX-5 Grand Touring","JM3KFBDM7K0503048",28000.0,NULL,NULL
"Chevrolet",71265,"Equinox LT","2GNALCEK2H1602977",17994.0,NULL,NULL
"INFINITI",52856,"QX30 Premium","SJKCH5CR6HA036405",24990.0,NULL,NULL
"Ford",27100,"F-150 XLT","1FTEW1EG6JFA37391",41998.0,NULL,NULL
"Chevrolet",20193,"Trax LT","3GNCJLSB1KL386256",20198.0,NULL,NULL
"Toyota",88385,"Sienna LE","5TDKK3DC4FS582019",20995.0,NULL,NULL
"Mazda",24701,"CX-9 Touring","JM3TCBCY2K0303373",33785.0,NULL,NULL
"GMC",27838,"Terrain Denali","3GKALXEX2KL265801",34997.0,NULL,NULL
"Chevrolet",72927,"Silverado 1500 LTZ","1GCUYGED6KZ314927",43897.0,NULL,NULL
"Jeep",20363,"Grand Cherokee Limited","1C4RJFBG2LC231535",40246.0,NULL,NULL
"Subaru",36146,"Ascent Limited 7-Passenger","4S4WMAPD8K3438484",34995.0,NULL,NULL
"Honda",13648,"CR-V EX","5J6RW2H5XKL036579",29995.0,NULL,NULL
"Honda",22815,"Accord Touring 2.0T","1HGCV2F90KA036401",34416.0,NULL,NULL
"Kia",32419,"K5 LXS","5XXG14J20MG066152",26998.0,NULL,NULL
"Chevrolet",38423,"Silverado 1500 LTZ","3GCUYGEL4LG110555",52998.0,NULL,NULL
"Jeep",45741,"Cherokee Limited","1C4PJMDS1HW638636",25290.0,NULL,NULL
"Ford",51683,"F-150 XLT","1FTEW1E51KFA37895",38726.0,NULL,NULL
"Chevrolet",69003,"Equinox 1LT","3GNAXKEV4KS510693",21900.0,NULL,NULL
"RAM",43560,"1500 Big Horn","3C6RR7LT7HG641169",26852.0,NULL,NULL
"Subaru",34344,"Outback 2.5i Premium","4S4BSAHC5K3342242",28899.0,NULL,NULL
"Subaru",49390,"Crosstrek 2.0i Premium","JF2GTABC5J9249394",24998.0,NULL,NULL
"Ford",75428,"Fusion Hybrid SE","3FA6P0LU3KR210430",22998.0,NULL,NULL
"Lincoln",15411,"Nautilus Reserve","2LMPJ8K99LBL13749",48691.0,NULL,NULL
"Lexus",18715,"GX 460 Base","JTJAM7BX6L5262556",56999.0,NULL,NULL
"Subaru",84173,"Outback 2.5i Limited","4S4BSANC1H3378135",23595.0,NULL,NULL
"Subaru",57255,"Forester 2.5i Premium","JF2SJAGCXJH566084",24995.0,NULL,NULL
"Nissan",42894,"Maxima 3.5 SV","1N4AA6AP7JC402460",23988.0,NULL,NULL
"Cadillac",34901,"XT4 Sport","1GYFZFR49KF116722",39997.0,NULL,NULL
"Toyota",35756,"Camry SE","4T1B11HK9KU200870",30977.0,NULL,NULL
"Ford",46514,"Fusion Hybrid SE","3FA6P0LU1KR189111",25985.0,NULL,NULL
"Honda",8869,"HR-V EX-L","3CZRU6H76KM732112",29995.0,NULL,NULL
"Toyota",35647,"Corolla LE","JTDEPMAE5MJ167456",26485.0,NULL,NULL
"RAM",26625,"1500 Laramie","1C6SRFJT4KN774906",47500.0,NULL,NULL
"Ford",29560,"F-150 XLT","1FTEW1EP2KFD11235",39995.0,NULL,NULL
"Mazda",81106,"CX-5 Grand Touring","JM3KE4DY8G0827733",21199.0,NULL,NULL
"Subaru",60477,"Forester 2.5i Premium","JF2SJADC8GH468488",15490.0,NULL,NULL
"RAM",65529,"1500 Big Horn","1C6RR7LT7GS222584",30940.0,NULL,NULL
"Jeep",46706,"Cherokee Trailhawk","1C4PJMBX4KD362597",28586.0,NULL,NULL
"Honda",23119,"Civic EX","SHHFK7H65KU212434",28299.0,NULL,NULL
"Chrysler",86326,"Sebring LXi","1C3EL56R92N124973",6500.0,NULL,NULL
"Ford",19492,"F-150 XLT","1FTEW1EP5KFC42590",43995.0,NULL,NULL
"Subaru",31975,"Outback 2.5i Premium","4S4BSAHC2K3392788",29222.0,NULL,NULL
"Porsche",48052,"Cayenne S","WP1AB2A22GLA92228",45388.0,NULL,NULL
"RAM",35223,"1500 Rebel","1C6SRFLT4KN703380",48722.0,NULL,NULL
"Volkswagen",91855,"Tiguan 2.0T SE","3VV2B7AX1JM180211",22875.0,NULL,NULL
"Hyundai",33920,"Sonata SE","5NPE24AF7KH814792",23900.0,NULL,NULL
"Dodge",61033,"Challenger R/T","2C3CDZBT0HH548945",30998.0,NULL,NULL
"Hyundai",79353,"Elantra Value Edition","5NPD84LF2JH274628",18499.0,NULL,NULL
"Jeep",31273,"Grand Cherokee Overland","1C4RJFCG7KC688676",41936.0,NULL,NULL
"Porsche",28535,"Taycan 4S","WP0AB2Y1XLSA50200",121990.0,NULL,NULL
"Kia",31440,"Forte LX","3KPFK4A70JE203177",19879.0,NULL,NULL
"Honda",33164,"CR-V EX","5J6RW2H54KA020549",30498.0,NULL,NULL
"GMC",42017,"Terrain Denali","3GKALXEX6KL395824",34599.0,NULL,NULL
"Jeep",58451,"Grand Cherokee Summit","1C4RJFJG8GC396111",32999.0,NULL,NULL
"Chevrolet",47950,"Equinox Premier w/1LZ","3GNAXXEV9KS667276",28900.0,NULL,NULL
"Ford",52636,"F-150 XLT","1FTEW1E57KFB55255",37781.0,NULL,NULL
"Lincoln",22436,"MKC Reserve","5LMTJ3DH7KUL22053",38998.0,NULL,NULL
"Lincoln",23291,"Aviator Reserve AWD","5LM5J7XC3LGL22518",59587.0,NULL,NULL
"Ford",49118,"F-150 XLT","1FTFW1E59JFC17502",36999.0,NULL,NULL
"GMC",77975,"Acadia Limited Limited","1GKKVSKDXHJ149354",26995.0,NULL,NULL
"Toyota",27087,"RAV4 XLE Premium","2T3A1RFV8KW081739",35500.0,NULL,NULL
"Toyota",45129,"Camry LE","4T1C11AK2LU509984",27990.0,NULL,NULL
"Hyundai",10008,"Kona SEL","KM8K6CAB6NU836979",26250.0,NULL,NULL
"Kia",42827,"Soul Base","KNDJN2A28K7917327",21795.0,NULL,NULL
"Toyota",31037,"RAV4 LE","JTMF1RFV2KD033317",31995.0,NULL,NULL
"Acura",30393,"MDX 3.5L w/Technology Package","5J8YD4H52KL030327",42989.0,NULL,NULL
"INFINITI",55828,"QX60 Luxe","5N1DL0MM2KC515066",36990.0,NULL,NULL
"Audi",27403,"Q5 2.0T Premium Plus","WA1BNAFY5K2088414",41499.0,NULL,NULL
"Subaru",27103,"Ascent Touring 7-Passenger","4S4WMARD9L3432840",41989.0,NULL,NULL
"GMC",19689,"Sierra 1500 Denali","3GTU9FEL0LG428194",60990.0,NULL,NULL
"Hyundai",11159,"Sonata SE","5NPE24AF9KH805950",21998.0,NULL,NULL
"Acura",73525,"RDX A-Spec","5J8TC2H62KL803386",36785.0,NULL,NULL
"Cadillac",20454,"Escalade Premium Luxury Platinum","1GYS4DKL4MR168456",115997.0,NULL,NULL
"Ford",48784,"F-150 XLT","1FTEW1E58LKE95765",43987.0,NULL,NULL
"Kia",71532,"Soul +","KNDJP3A57K7636310",16776.0,NULL,NULL
"Jeep",83110,"Compass High Altitude","1C4NJDEB8GD745442",16995.0,NULL,NULL
"Audi",11680,"Q5 2.0T Premium Plus","WA1BNAFY7K2033723",43975.0,NULL,NULL
"Lexus",18550,"RX 350 Base","2T2HZMDAXLC221176",50699.0,NULL,NULL
"Volkswagen",74505,"Beetle","3VWV67AT3CM616604",15995.0,NULL,NULL
"BMW",32525,"X7 xDrive40i","5UXCW2C51KL084988",69980.0,NULL,NULL
"Chevrolet",34890,"Colorado Z71","1GCGTDE33G1151547",33999.0,NULL,NULL
"Subaru",30982,"Outback Onyx Edition XT","4S4BTGKD2L3140932",36993.0,NULL,NULL
"Cadillac",84326,"CTS Premium","1G6DS1E30D0134844",19379.0,NULL,NULL
"Audi",72894,"A6 3.0T Prestige quattro","WAUHGAFC1EN016530",23995.0,NULL,NULL
"Honda",25326,"Pilot EX-L","5FNYF6H5XLB059230",38320.0,NULL,NULL
"Toyota",48461,"Corolla SE","2T1BURHE0KC243236",26444.0,NULL,NULL
"Toyota",12459,"Camry LE","4T1B11HK5KU778707",28795.0,NULL,NULL
"Toyota",44997,"RAV4 LE","2T3F1RFV5MW192242",29598.0,NULL,NULL
"Ford",57862,"F-150 XLT","1FTEW1EF2HKC20568",34806.0,NULL,NULL
"Honda",29525,"Pilot EX-L","5FNYF6H50LB031744",38498.0,NULL,NULL
"Jeep",84959,"Cherokee Trailhawk","1C4PJMBX4KD398841",24999.0,NULL,NULL
"Toyota",37147,"Highlander XLE","5TDGZRBH2LS023034",44977.0,NULL,NULL
"Jeep",21182,"Grand Cherokee Limited","1C4RJFBG0KC639062",35632.0,NULL,NULL
"Ford",36020,"Explorer Limited","1FM5K8F86GGC94397",28764.0,NULL,NULL
"Lexus",34871,"RX 350 350","2T2BZMCA9KC183445",46999.0,NULL,NULL
"Jeep",28946,"Grand Cherokee Overland","1C4RJFCG1KC670206",40998.0,NULL,NULL
"GMC",18374,"Terrain Denali","3GKALXEX3KL201055",38976.0,NULL,NULL
"Toyota",93705,"RAV4 XLE","2T3RFREV4FW373240",22497.0,NULL,NULL
"Honda",39602,"Passport EX-L","5FNYF8H56LB000137",37508.0,NULL,NULL
"GMC",31510,"Terrain Denali","3GKALXEX0KL180424",35495.0,NULL,NULL
"Volkswagen",30499,"Tiguan 2.0T S","3VV0B7AX6KM102287",26985.0,NULL,NULL
"Chevrolet",23997,"Trax LS","3GNCJNSB2KL340222",20900.0,NULL,NULL
"Dodge",35942,"Journey GT","3C4PDDEG6HT595791",17997.0,NULL,NULL
"Chevrolet",47846,"Blazer 3LT BOSE","3GNKBHRS3KS655519",37299.0,NULL,NULL
"Ford",13657,"Edge SEL","2FMPK4J93LBA19556",34992.0,NULL,NULL
"Ford",22668,"F-150 XLT","1FTEW1EP4LKE05397",43999.0,NULL,NULL
"Kia",31171,"Sorento LX","5XYPG4A32LG669444",27995.0,NULL,NULL
"Subaru",87931,"Forester 2.5i Premium","JF2SJAGCXJH549558",22900.0,NULL,NULL
"Kia",17633,"Sorento LX","5XYPGDA3XLG637857",30893.0,NULL,NULL
"INFINITI",44585,"QX50 ESSENTIAL","3PCAJ5M30KF106410",33599.0,NULL,NULL
"Toyota",13273,"Tacoma TRD Sport","5TFDZ5BN3JX037498",44877.0,NULL,NULL
"Chevrolet",39357,"Equinox 1LT","3GNAXUEV8KL258761",24399.0,NULL,NULL
"Chevrolet",43857,"Blazer 2LT","3GNKBGRS3KS675604",35500.0,NULL,NULL
"Chevrolet",15718,"Equinox 1LT","3GNAXUEV9ML379172",28998.0,NULL,NULL
"Honda",37512,"CR-V EX-L","5J6RM4H72EL104137",23000.0,NULL,NULL
"Jeep",44089,"Grand Cherokee Altitude","1C4RJFAG5LC177519",39990.0,NULL,NULL
"Chevrolet",24633,"Tahoe High Country","1GNSKTKL8MR422814",76731.0,NULL,NULL
"Ford",14100,"EcoSport SE","MAJ3P1TEXJC199912",22599.0,NULL,NULL
"Toyota",42493,"4Runner SR5","JTEBU5JR6L5794528",38699.0,NULL,NULL
"Jeep",13319,"Grand Cherokee Altitude","1C4RJFAG8LC415475",40990.0,NULL,NULL
"GMC",80403,"Acadia SLE-2","1GKKNSLS0HZ218390",23599.0,NULL,NULL
"Chevrolet",48530,"Equinox 1LT","2GNAXKEV6K6133993",22990.0,NULL,NULL
"GMC",12877,"Yukon XL Denali","1GKS2JKL2MR142078",88998.0,NULL,NULL
"Buick",15450,"Encore GX Preferred","KL4MMCSL0LB102917",27995.0,NULL,NULL
"BMW",20008,"X3 xDrive30i","5UXTR9C5XKLE12377",40990.0,NULL,NULL
"Kia",39653,"Soul Base","KNDJN2A29K7668942",19995.0,NULL,NULL
"Chevrolet",41219,"Silverado 1500 LT","1GCVKREC3JZ235514",36495.0,NULL,NULL
"Chevrolet",59187,"Equinox 1LT","2GNFLFE33H6237356",21282.0,NULL,NULL
"Kia",43744,"Soul +","KNDJP3A56K7674871",17988.0,NULL,NULL
"Volkswagen",51049,"Tiguan 2.0T SEL","3VV2B7AX5JM213260",27000.0,NULL,NULL
"Ford",89974,"F-150 XLT","1FTEW1E54KFB91601",32442.0,NULL,NULL
"Ford",25374,"Escape SE","1FMCU0GDXKUB50389",23409.0,NULL,NULL
"Subaru",34240,"Forester Premium","JF2SKAJC2LH476033",30422.0,NULL,NULL
"Ford",41102,"F-150 XLT","1FTFW1E52KFB93612",39996.0,NULL,NULL
"RAM",52229,"1500 Tradesman/Express","1C6RR7KT3ES201181",27999.0,NULL,NULL
"Honda",32173,"CR-V EX-L","5J6RW2H8XKL002569",30295.0,NULL,NULL
"Toyota",37893,"Camry LE","4T1C11AK7LU346202",27990.0,NULL,NULL
"Jeep",64999,"Wrangler Unlimited Sahara","1C4HJXEN7JW226032",39900.0,NULL,NULL
"Ford",36307,"F-150 Lariat","1FTEW1C57JKD35117",37994.0,NULL,NULL
"RAM",16570,"1500 Laramie","1C6SRFJT7LN171692",49597.0,NULL,NULL
"Volkswagen",62294,"Atlas 3.6L SE w/Technology","1V2UR2CA5KC532531",33280.0,NULL,NULL
"Subaru",53012,"Outback 2.5i Limited","4S4BSAKC9H3332623",21574.0,NULL,NULL
"Subaru",22459,"Outback Onyx Edition XT","4S4BTGKD5L3211833",35444.0,NULL,NULL
"RAM",21778,"1500 Classic SLT","1C6RR7GTXMS566416",41999.0,NULL,NULL
"Toyota",32460,"RAV4 XLE Premium","JTMA1RFVXKD023211",36795.0,NULL,NULL
"Ford",23966,"Edge SEL","2FMPK4J98LBB63586",34872.0,NULL,NULL
"Toyota",33221,"RAV4 XLE","JTMP1RFV0KD023907",34885.0,NULL,NULL
"Ford",69734,"F-150 Lariat","1FTEW1EG5JFE23431",39990.0,NULL,NULL
"Honda",28222,"Civic LX","2HGFC2F63KH561155",23295.0,NULL,NULL
"Cadillac",90368,"ATS 2.0L Turbo Luxury","1G6AH5SX6G0150003",20799.0,NULL,NULL
"Subaru",33335,"Forester 2.5i Limited","JF2SJAJC3JH466370",28900.0,NULL,NULL
"Toyota",4348,"RAV4 Hybrid XSE","4T3E6RFVXMU052801",53984.0,NULL,NULL
"Chevrolet",67341,"Equinox 1LT","3GNAXKEV0KS522243",21995.0,NULL,NULL
"Toyota",39220,"RAV4 XLE Premium","2T3A1RFV3KW083740",37685.0,NULL,NULL
"Lincoln",22707,"Aviator Reserve AWD","5LM5J7XC2LGL02650",60989.0,NULL,NULL
"Mitsubishi",22986,"Outlander Sport 2.0 ES","JA4ARUAU6MU012987",25498.0,NULL,NULL
"Volkswagen",36567,"Tiguan 2.0T SE","3VV2B7AX4KM046360",30000.0,NULL,NULL
"Mercedes-Benz",36684,"GLC 300 Base 4MATIC","WDC0G4KB5KF662846",36574.0,NULL,NULL
"Ford",72702,"Explorer Limited","1FM5K8F88HGA17946",28495.0,NULL,NULL
"Ford",68471,"EcoSport SE","MAJ3P1TE2JC160487",20000.0,NULL,NULL
"Jeep",49411,"Grand Cherokee Limited","1C4RJFBG4HC912738",29998.0,NULL,NULL
"Ford",26287,"Edge SEL","2FMPK4J96KBC18020",30990.0,NULL,NULL
